<37.782551:-122.445368>,"2570 Geary Boulevard, San Francisco, CA 94121, USA"
<37.782745:-122.444586>,"2500 Geary Boulevard, San Francisco, CA 94115, USA"
<37.782842:-122.443688>,"2448-52 Geary Boulevard, San Francisco, CA 94121, USA"
<37.782919:-122.442815>,"1303 Baker Street, San Francisco, CA 94115, USA"
<37.782992:-122.442112>,"2340 Geary Boulevard, San Francisco, CA 94115, USA"
<37.7831:-122.441461>,"2302 Geary Boulevard, San Francisco, CA 94121, USA"
<37.783206:-122.440829>,"2238 Geary Boulevard, San Francisco, CA 94115, USA"
<37.783273:-122.440324>,"2238 Geary Boulevard, San Francisco, CA 94115, USA"
<37.783316:-122.440023>,"2230 Geary Boulevard, San Francisco, CA 94115, USA"
<37.783357:-122.439794>,"2230 Geary Boulevard, San Francisco, CA 94115, USA"
<37.783371:-122.439687>,"2200-2230 Geary Boulevard, San Francisco, CA 94115, USA"
<37.783368:-122.439666>,"2200-2230 Geary Boulevard, San Francisco, CA 94115, USA"
<37.783383:-122.439594>,"2200-2230 Geary Boulevard, San Francisco, CA 94115, USA"
<37.783508:-122.439525>,"1501 Divisadero Street, San Francisco, CA 94115, USA"
<37.783842:-122.439591>,"Garden Street, San Francisco, CA 94115, USA"
<37.784147:-122.439668>,"1593 Divisadero Street, San Francisco, CA 94115, USA"
<37.784206:-122.439686>,"1593 Divisadero Street, San Francisco, CA 94115, USA"
<37.784386:-122.43979>,"1601-1635 Divisadero Street, San Francisco, CA 94115, USA"
<37.784701:-122.439902>,"1635 Divisadero Street, San Francisco, CA 94123, USA"
<37.784965:-122.439938>,"1651 Divisadero Street, San Francisco, CA 94115, USA"
<37.78501:-122.439947>,"1653 Divisadero Street, San Francisco, CA 94123, USA"
<37.78536:-122.439952>,"1701 Divisadero Street Ste 500, San Francisco, CA 94115, USA"
<37.785715:-122.44003>,"1701-1743 Divisadero Street, San Francisco, CA 94115, USA"
<37.786117:-122.440119>,"1743-1799 Divisadero Street, San Francisco, CA 94115, USA"
<37.786564:-122.440209>,"1831-1833 Divisadero Street, San Francisco, CA 94123, USA"
<37.786905:-122.44027>,"1853 Divisadero Street, San Francisco, CA 94123, USA"
<37.786956:-122.440279>,"1853-1899 Divisadero Street, San Francisco, CA 94115, USA"
<37.800224:-122.43352>,"1900-1998 El Camino Real, San Francisco, CA 94123, USA"
<37.800155:-122.434101>,"1900-1998 El Camino Real, San Francisco, CA 94123, USA"
<37.80016:-122.43443>,"3184-3226 Webster Street, San Francisco, CA 94123, USA"
<37.800378:-122.434527>,"3201 Webster Street, San Francisco, CA 94123, USA"
<37.800738:-122.434598>,"3257-3299 Webster Street, San Francisco, CA 94123, USA"
<37.800938:-122.43465>,"3257-3299 Webster Street, San Francisco, CA 94123, USA"
<37.801024:-122.434889>,"1900-1998 Chestnut Street, San Francisco, CA 94123, USA"
<37.800955:-122.435392>,"1900-1998 Chestnut Street, San Francisco, CA 94123, USA"
<37.800886:-122.435959>,"1900-1998 Chestnut Street, San Francisco, CA 94123, USA"
<37.800811:-122.436275>,"3400-3598 Fillmore Street, San Francisco, CA 94123, USA"
<37.800788:-122.436299>,"3401-3599 Fillmore Street, San Francisco, CA 94123, USA"
<37.800719:-122.436302>,"3375-3399 Fillmore Street, San Francisco, CA 94123, USA"
<37.800702:-122.436298>,"3375-3399 Fillmore Street, San Francisco, CA 94123, USA"
<37.800661:-122.436273>,"3375-3399 Fillmore Street, San Francisco, CA 94123, USA"
<37.800395:-122.436172>,"3334 Fillmore Street, San Francisco, CA 94117, USA"
<37.800228:-122.436116>,"3318 Fillmore Street, San Francisco, CA 94117, USA"
<37.800169:-122.43613>,"3300-3318 Fillmore Street, San Francisco, CA 94123, USA"
<37.800066:-122.436167>,"3309 Fillmore Street, San Francisco, CA 94117, USA"
<37.784345:-122.422922>,"1051-1099 Franklin Street, San Francisco, CA 94109, USA"
<37.784389:-122.422926>,"1051-1099 Franklin Street, San Francisco, CA 94109, USA"
<37.784437:-122.422924>,"1051-1099 Franklin Street, San Francisco, CA 94109, USA"
<37.784746:-122.422818>,"1100 Franklin Street, San Francisco, CA 94109, USA"
<37.785436:-122.422959>,"1188-1198 Franklin Street, San Francisco, CA 94109, USA"
<37.78612:-122.423112>,"1258-1298 Franklin Street, San Francisco, CA 94109, USA"
<37.786433:-122.423029>,"1255 Post Street, San Francisco, CA 94109, USA"
<37.786631:-122.421213>,"1161-1199 Post Street, San Francisco, CA 94109, USA"
<37.78666:-122.421033>,"1161-1199 Post Street, San Francisco, CA 94109, USA"
<37.786801:-122.420141>,"1101-1115 Post Street, San Francisco, CA 94109, USA"
<37.786823:-122.420034>,"1065-1101 Post Street, San Francisco, CA 94109, USA"
<37.786831:-122.419916>,"1052-1098 Polk Street, San Francisco, CA 94109, USA"
<37.787034:-122.418208>,"980 Post Street, San Francisco, CA 94109, USA"
<37.787056:-122.418034>,"989-999 Post Street, San Francisco, CA 94109, USA"
<37.787169:-122.417145>,"927-939 Post Street, San Francisco, CA 94109, USA"
<37.787217:-122.416715>,"901 Post Street, San Francisco, CA 94109, USA"
<37.786144:-122.416403>,"538-598 Hyde Street, San Francisco, CA 94109, USA"
<37.785292:-122.416257>,"468-498 Hyde Street, San Francisco, CA 94109, USA"
<37.780666:-122.390374>,"95-99 Townsend Street, San Francisco, CA 94107, USA"
<37.780501:-122.391281>,"35-99 Stanford Street, San Francisco, CA 94107, USA"
<37.780148:-122.392052>,"136 San Francisco Bicycle Route 36, San Francisco, CA 94103, USA"
<37.780173:-122.391148>,"130 Townsend Street, San Francisco, CA 94107, USA"
<37.780693:-122.390592>,"699 2nd Street, San Francisco, CA 94107, USA"
<37.781261:-122.391142>,"625 2nd Street, San Francisco, CA 94107, USA"
<37.781808:-122.39173>,"611 2nd Street, San Francisco, CA 94107, USA"
<37.78234:-122.392341>,"577 De Boom Street, San Francisco, CA 94107, USA"
<37.782812:-122.393022>,"70-98 Federal Street, San Francisco, CA 94107, USA"
<37.7833:-122.393672>,"465-499 2nd Street, San Francisco, CA 94107, USA"
<37.783809:-122.394275>,"6990 Dwight D. Eisenhower Highway, San Francisco, CA 94107, USA"
<37.784246:-122.394979>,"401-411 2nd Street, San Francisco, CA 94107, USA"
<37.784791:-122.395958>,"3 Dow Place, San Francisco, CA 94107, USA"
<37.785675:-122.396746>,"Second Street & Folsom Street, San Francisco, CA 94105, USA"
<37.786262:-122.39578>,"529-559 Folsom Street, San Francisco, CA 94105, USA"
<37.786776:-122.395093>,"521-527 Folsom Street, San Francisco, CA 94105, USA"
<37.787282:-122.394426>,"301-331 1st Street, San Francisco, CA 94105, USA"
<37.787783:-122.393767>,"401 Folsom Street, San Francisco, CA 94105, USA"
<37.788343:-122.393184>,"345-349 Folsom Street, San Francisco, CA 94105, USA"
<37.788895:-122.392506>,"257-299 Folsom Street, San Francisco, CA 94105, USA"
<37.789371:-122.391701>,"301-321 Main Street, San Francisco, CA 94105, USA"
<37.789722:-122.390952>,"300 Spear Street, San Francisco, CA 94105, USA"
<37.790315:-122.390305>,"47 Folsom Street, San Francisco, CA 94105, USA"
<37.790738:-122.389616>,"327-351 The Embarcadero, San Francisco, CA 94105, USA"
<37.779448:-122.438702>,"1051-1099 Divisadero Street, San Francisco, CA 94115, USA"
<37.779023:-122.438585>,"1008 Divisadero Street, San Francisco, CA 94123, USA"
<37.778542:-122.438492>,"938 Divisadero Street, San Francisco, CA 94115, USA"
<37.7781:-122.438411>,"905-909 Divisadero Street, San Francisco, CA 94115, USA"
<37.777986:-122.438376>,"938 Divisadero Street, San Francisco, CA 94115, USA"
<37.77768:-122.438313>,"860-898 Divisadero Street, San Francisco, CA 94117, USA"
<37.777316:-122.438273>,"823 Divisadero Street, San Francisco, CA 94123, USA"
<37.777135:-122.438254>,"813 Divisadero Street, San Francisco, CA 94117, USA"
<37.776987:-122.438303>,"803 Divisadero Street, San Francisco, CA 94123, USA"
<37.776946:-122.438404>,"1302 Fulton Street, San Francisco, CA 94117, USA"
<37.776944:-122.438467>,"1302 Fulton Street, San Francisco, CA 94117, USA"
<37.776892:-122.438459>,"1302 Fulton Street, San Francisco, CA 94117, USA"
<37.776842:-122.438442>,"1302-1306 Fulton Street, San Francisco, CA 94117, USA"
<37.776822:-122.438391>,"1333 Fulton Street, San Francisco, CA 94117, USA"
<37.776814:-122.438412>,"1333 Fulton Street, San Francisco, CA 94117, USA"
<37.776787:-122.438628>,"1301 Fulton Street, San Francisco, CA 94117, USA"
<37.776729:-122.43865>,"1301 Fulton Street, San Francisco, CA 94117, USA"
<37.776759:-122.438677>,"1301 Fulton Street, San Francisco, CA 94117, USA"
<37.776772:-122.438498>,"1323 Fulton Street, San Francisco, CA 94117, USA"
<37.776787:-122.438389>,"1333 Fulton Street, San Francisco, CA 94117, USA"
<37.776848:-122.438283>,"1333 Fulton Street, San Francisco, CA 94117, USA"
<37.77687:-122.438239>,"1300 Fulton Street, San Francisco, CA 94117, USA"
<37.777015:-122.438198>,"803 Divisadero Street, San Francisco, CA 94123, USA"
<37.777333:-122.438256>,"835 Divisadero Street, San Francisco, CA 94123, USA"
<37.777595:-122.438308>,"855-857 Divisadero Street, San Francisco, CA 94117, USA"
<37.777797:-122.438344>,"1598 McAllister Street, San Francisco, CA 94115, USA"
<37.77816:-122.438442>,"909-919 Divisadero Street, San Francisco, CA 94115, USA"
<37.778414:-122.438508>,"923-999 Divisadero Street, San Francisco, CA 94115, USA"
<37.778445:-122.438516>,"923-999 Divisadero Street, San Francisco, CA 94115, USA"
<37.778503:-122.438529>,"923-999 Divisadero Street, San Francisco, CA 94115, USA"
<37.778607:-122.438549>,"923-999 Divisadero Street, San Francisco, CA 94115, USA"
<37.77867:-122.438644>,"1713 Golden Gate Avenue, San Francisco, CA 94115, USA"
<37.778847:-122.438706>,"1017 Divisadero Street, San Francisco, CA 94115, USA"
<37.77924:-122.438744>,"1033 Divisadero Street, San Francisco, CA 94123, USA"
<37.779738:-122.438822>,"1101-1115 Divisadero Street, San Francisco, CA 94115, USA"
<37.780201:-122.438882>,"1179 Divisadero Street, San Francisco, CA 94115, USA"
<37.7804:-122.438905>,"1179 Divisadero Street, San Francisco, CA 94115, USA"
<37.780501:-122.438921>,"1179 Divisadero Street, San Francisco, CA 94115, USA"
<37.780892:-122.438986>,"1201 Divisadero Street, San Francisco, CA 94115, USA"
<37.781446:-122.439087>,"1245 Divisadero Street, San Francisco, CA 94115, USA"
<37.781985:-122.439199>,"1325 Divisadero Street, San Francisco, CA 94123, USA"
<37.782239:-122.439249>,"1347-1363 Divisadero Street, San Francisco, CA 94115, USA"
<37.782286:-122.439266>,"1363 Divisadero Street, San Francisco, CA 94155, USA"
<37.797847:-122.429388>,"1823 Union Street, San Francisco, CA 94123, USA"
<37.797874:-122.42918>,"1821 Union Street, San Francisco, CA 94123, USA"
<37.797885:-122.429069>,"1801 Union Street, San Francisco, CA 94123, USA"
<37.797887:-122.42905>,"1801 Union Street, San Francisco, CA 94123, USA"
<37.797933:-122.428954>,"1800-1804 Union Street, San Francisco, CA 94123, USA"
<37.798242:-122.42899>,"2827 Octavia Street, San Francisco, CA 94123, USA"
<37.798617:-122.429075>,"2857 Octavia Street, San Francisco, CA 94123, USA"
<37.798719:-122.429092>,"2865,2867 Octavia Street, San Francisco, CA 94123, USA"
<37.798944:-122.429145>,"2901-2907 Octavia Street, San Francisco, CA 94123, USA"
<37.79932:-122.429251>,"2931-2949 Octavia Street, San Francisco, CA 94123, USA"
<37.79959:-122.429309>,"2955-2999 Octavia Street, San Francisco, CA 94123, USA"
<37.799677:-122.429324>,"2955-2999 Octavia Street, San Francisco, CA 94123, USA"
<37.799966:-122.42936>,"3003,3001 Octavia Street, San Francisco, CA 94123, USA"
<37.800288:-122.42943>,"3043,3045 Octavia Street, San Francisco, CA 94123, USA"
<37.800443:-122.429461>,"3043,3045 Octavia Street, San Francisco, CA 94123, USA"
<37.800465:-122.429474>,"3043,3045 Octavia Street, San Francisco, CA 94123, USA"
<37.800644:-122.42954>,"1701 Lombard Street, San Francisco, CA 94111, USA"
<37.800948:-122.42962>,"3105 Octavia Street, San Francisco, CA 94123, USA"
<37.801242:-122.429685>,"3145-3155 Octavia Street, San Francisco, CA 94123, USA"
<37.801375:-122.429702>,"3155 Octavia Street, San Francisco, CA 94123, USA"
<37.8014:-122.429703>,"3155 Octavia Street, San Francisco, CA 94123, USA"
<37.801453:-122.429707>,"3155 Octavia Street, San Francisco, CA 94123, USA"
<37.801473:-122.429709>,"3155 Octavia Street, San Francisco, CA 94123, USA"
<37.801532:-122.429707>,"3155-3199 Octavia Street, San Francisco, CA 94123, USA"
<37.801852:-122.429729>,"3201-3215 Octavia Street, San Francisco, CA 94123, USA"
<37.802173:-122.429789>,"3233-3237 Octavia Street, San Francisco, CA 94123, USA"
<37.802459:-122.429847>,"3255 Octavia Street, San Francisco, CA 94123, USA"
<37.802554:-122.429825>,"3256 Octavia Street, San Francisco, CA 94123, USA"
<37.802647:-122.429549>,"1490 Francisco Street, San Francisco, CA 94133, USA"
<37.802693:-122.429179>,"1452-1458 Francisco Street, San Francisco, CA 94123, USA"
<37.802729:-122.428751>,"1423 Francisco Street, San Francisco, CA 94133, USA"
<37.766104:-122.409291>,"2300 16Th Street - #285, Potrero Center, San Francisco, CA 94103, USA"
<37.766103:-122.409268>,"2300 16Th Street - #285, Potrero Center, San Francisco, CA 94103, USA"
<37.766138:-122.409229>,"2300 16Th Street - #285, Potrero Center, San Francisco, CA 94103, USA"
<37.766183:-122.409231>,"2300 16Th Street - #285, Potrero Center, San Francisco, CA 94103, USA"
<37.766153:-122.409276>,"2300 16Th Street - #285, Potrero Center, San Francisco, CA 94103, USA"
<37.766005:-122.409365>,"2300 - 16th St. Unit No.203, Potrero Center, San Francisco, CA 94103, USA"
<37.765897:-122.40957>,"2302-2398 16th Street, Potrero Center, San Francisco, CA 94103, USA"
<37.765767:-122.409739>,"16th St & Bryant St, Potrero Center, San Francisco, CA 94103, USA"
<37.765693:-122.410389>,"2376-2398 16th Street, San Francisco, CA 94103, USA"
<37.765615:-122.411201>,"2400-2440 16th Street, San Francisco, CA 94103, USA"
<37.765533:-122.412121>,"2500-2598 16th Street, San Francisco, CA 94103, USA"
<37.765467:-122.412939>,"2601-2699 16th Street, San Francisco, CA 94103, USA"
<37.765444:-122.414821>,"2736-2798 16th Street, San Francisco, CA 94103, USA"
<37.765444:-122.414964>,"2736-2798 16th Street, San Francisco, CA 94103, USA"
<37.765318:-122.415424>,"2801-2851 16th Street, San Francisco, CA 94103, USA"
<37.763961:-122.415296>,"2084-2098 Folsom Street, San Francisco, CA 94110, USA"
<37.763115:-122.415196>,"2132 Folsom Street, San Francisco, CA 94105, USA"
<37.762967:-122.415183>,"2140 Folsom Street, San Francisco, CA 94110, USA"
<37.762278:-122.415127>,"2194 Folsom Street, San Francisco, CA 94110, USA"
<37.761675:-122.415055>,"2214-2270 Folsom Street, San Francisco, CA 94110, USA"
<37.760932:-122.414988>,"2270 Folsom Street, San Francisco, CA 94105, USA"
<37.759337:-122.414862>,"2374 Folsom Street, San Francisco, CA 94110, USA"
<37.773187:-122.421922>,"1686 Market Street, San Francisco, CA 94102, USA"
<37.773043:-122.422118>,"1665 Market Street, San Francisco, CA 94103, USA"
<37.773007:-122.422165>,"1700 Market Street, San Francisco, CA 94102, USA"
<37.772979:-122.422219>,"61 Gough Street, San Francisco, CA 94102, USA"
<37.772865:-122.422394>,"1700 Market Street, San Francisco, CA 94102, USA"
<37.772779:-122.422503>,"1710 Market Street, San Francisco, CA 94103, USA"
<37.772676:-122.422701>,"1720 Market Street, San Francisco, CA 94103, USA"
<37.772606:-122.422806>,"1720 Market Street, San Francisco, CA 94102, USA"
<37.772566:-122.42284>,"1720 Market Street, San Francisco, CA 94102, USA"
<37.772508:-122.422852>,"1748 Market Street #201, San Francisco, CA 94102, USA"
<37.772387:-122.423011>,"1760 Market Street, San Francisco, CA 94103, USA"
<37.772099:-122.423328>,"1772 Market Street, San Francisco, CA 94103, USA"
<37.771704:-122.423783>,"1800 Market Street, San Francisco, CA 94102, USA"
<37.771481:-122.424081>,"1817 Market Street, San Francisco, CA 94103, USA"
<37.7714:-122.424179>,"1817 Market Street, San Francisco, CA 94103, USA"
<37.771352:-122.42422>,"1844 Market Street, San Francisco, CA 94102, USA"
<37.771248:-122.424327>,"1828 Market Street, San Francisco, CA 94103, USA"
<37.770904:-122.424781>,"1878 Market Street, San Francisco, CA 94102, USA"
<37.77052:-122.425283>,"1900 Market Street, San Francisco, CA 94102, USA"
<37.770337:-122.425553>,"1930 Market Street, San Francisco, CA 94103, USA"
<37.770128:-122.425832>,"1946 Market Street, San Francisco, CA 94103, USA"
<37.769756:-122.426331>,"Market St & Buchanan St, San Francisco, CA 94102, USA"
<37.7693:-122.426902>,"2010 Market Street, San Francisco, CA 94114, USA"
<37.769132:-122.427065>,"2020 Market Street, San Francisco, CA 94114, USA"
<37.769092:-122.427103>,"2020 Market Street, San Francisco, CA 94114, USA"
<37.768979:-122.427172>,"2020 Market Street, San Francisco, CA 94114, USA"
<37.768595:-122.427634>,"2024-2046 Market Street, San Francisco, CA 94114, USA"
<37.768372:-122.427913>,"2056-2060 Market Street, San Francisco, CA 94114, USA"
<37.768337:-122.427961>,"2060-2066 Market Street, San Francisco, CA 94114, USA"
<37.768244:-122.428138>,"2068 Market Street, San Francisco, CA 94114, USA"
<37.767942:-122.428581>,"2086 Market Street, San Francisco, CA 94114, USA"
<37.767482:-122.429094>,"2018 Market Street, San Francisco, CA 94114, USA"
<37.767031:-122.429606>,"2128-2140 Market Street, San Francisco, CA 94114, USA"
<37.766732:-122.429986>,"2154 Market Street, San Francisco, CA 94103, USA"
<37.76668:-122.430058>,"2152-2154 Market Street, San Francisco, CA 94114, USA"
<37.766633:-122.430109>,"2152-2154 Market Street, San Francisco, CA 94114, USA"
<37.76658:-122.430211>,"2152-2154 Market Street, San Francisco, CA 94114, USA"
<37.766367:-122.430594>,"2156-2186 Market Street, San Francisco, CA 94114, USA"
<37.76591:-122.431137>,"2250-2256 Market Street, San Francisco, CA 94114, USA"
<37.765353:-122.431806>,"2258-2262 Market Street, San Francisco, CA 94114, USA"
<37.764962:-122.432298>,"2260 Market Street, San Francisco, CA 94103, USA"
<37.764868:-122.432486>,"2276 Market Street, San Francisco, CA 94114, USA"
<37.764518:-122.432913>,"2298 Market Street, San Francisco, CA 94114, USA"
<37.763435:-122.434173>,"2338 Market Street, San Francisco, CA 94117, USA"
<37.762847:-122.434953>,"2390 Market Street, San Francisco, CA 94103, USA"
<37.762291:-122.435935>,"2454-2498 Market Street, San Francisco, CA 94114, USA"
<37.762224:-122.436074>,"2454-2498 Market Street, San Francisco, CA 94114, USA"
<37.761957:-122.436892>,"2561-2599 Market Street, San Francisco, CA 94114, USA"
<37.761652:-122.438886>,"2750 Market Street, San Francisco, CA 94114, USA"
<37.761284:-122.439955>,"2808 Market Street, San Francisco, CA 94114, USA"
<37.76121:-122.440068>,"143-149 Ord Street, San Francisco, CA 94114, USA"
<37.761064:-122.44072>,"2913-2999 Market Street, San Francisco, CA 94114, USA"
<37.76104:-122.441411>,"3017 Market Street, San Francisco, CA 94103, USA"
<37.761048:-122.442324>,"3051-3053 Market Street, San Francisco, CA 94114, USA"
<37.760851:-122.443118>,"3062-3074 Market Street, San Francisco, CA 94114, USA"
<37.759977:-122.444591>,"3100-3116 Market Street, San Francisco, CA 94114, USA"
<37.759913:-122.444698>,"3100-3116 Market Street, San Francisco, CA 94114, USA"
<37.759623:-122.445065>,"353 Corbett Avenue, San Francisco, CA 94114, USA"
<37.758902:-122.445158>,"3250 Market Street, San Francisco, CA 94114, USA"
<37.758428:-122.44457>,"Clayton & Market Stairway, San Francisco, CA 94114, USA"
<37.757687:-122.44334>,"3358 Market Street, San Francisco, CA 94114, USA"
<37.757583:-122.44324>,"3386 Market Street, San Francisco, CA 94114, USA"
<37.757019:-122.442787>,"3420 Market Street, San Francisco, CA 94114, USA"
<37.756603:-122.442322>,"10 Glendale Street, San Francisco, CA 94114, USA"
<37.75638:-122.441602>,"Twin Peaks, San Francisco, CA, USA"
<37.75579:-122.441382>,"3620 Market Street, San Francisco, CA 94103, USA"
<37.754493:-122.442133>,"767 Corbett Avenue, San Francisco, CA 94131, USA"
<37.754361:-122.442206>,"771 Corbett Avenue, San Francisco, CA 94131, USA"
<37.753719:-122.44265>,"801 Corbett Avenue, San Francisco, CA 94131, USA"
<37.753096:-122.442915>,"3840 Market Street, San Francisco, CA 94131, USA"
<37.751617:-122.443211>,"Market Street, San Francisco, CA 94131, USA"
<37.751496:-122.443246>,"2 Cuesta Court, San Francisco, CA 94131, USA"
<37.750733:-122.443428>,"Market Street, San Francisco, CA 94114, USA"
<37.750126:-122.443536>,"977-999 Portola Drive, San Francisco, CA 94131, USA"
<37.750103:-122.443784>,"34 Portola Drive, San Francisco, CA 94131, USA"
<37.75039:-122.44401>,"982 Corbett Avenue, San Francisco, CA 94131, USA"
<37.750448:-122.444013>,"976-982 Corbett Avenue, San Francisco, CA 94131, USA"
<37.750536:-122.44404>,"959-963 Corbett Avenue, San Francisco, CA 94131, USA"
<37.750493:-122.444141>,"2 Portola Drive, San Francisco, CA 94131, USA"
<37.790859:-122.402808>,"1-99 Trinity Place, San Francisco, CA 94104, USA"
<37.790864:-122.402768>,"2-98 Trinity Place, San Francisco, CA 94104, USA"
<37.790995:-122.402539>,"300-338 Bush Street, San Francisco, CA 94104, USA"
<37.791148:-122.402172>,"216 Montgomery Street, San Francisco, CA 94104, USA"
<37.791385:-122.401312>,"220 Bush Street, San Francisco, CA 94104, USA"
<37.791405:-122.400776>,"555 Montgomery Street #1400, San Francisco, CA 94111, USA"
<37.791288:-122.400528>,"144-198 Bush Street, San Francisco, CA 94104, USA"
<37.791113:-122.400441>,"145-199 Bush Street, San Francisco, CA 94104, USA"
<37.791027:-122.400395>,"145-199 Bush Street, San Francisco, CA 94104, USA"
<37.791094:-122.400311>,"145-199 Bush Street, San Francisco, CA 94104, USA"
<37.791211:-122.400183>,"145-199 Bush Street, San Francisco, CA 94104, USA"
<37.79106:-122.399334>,"11-99 Bush Street, San Francisco, CA 94104, USA"
<37.790538:-122.398718>,"36 Stevenson Street, San Francisco, CA 94103, USA"
<37.790095:-122.398086>,"58-62 1st Street, San Francisco, CA 94105, USA"
<37.789644:-122.39736>,"101-131 1st Street, San Francisco, CA 94105, USA"
<37.789254:-122.396844>,"133-163 1st Street, San Francisco, CA 94105, USA"
<37.788855:-122.396397>,"165-199 1st Street, San Francisco, CA 94105, USA"
<37.788483:-122.395963>,"1 Embarcadero Center #522, San Francisco, CA 94111, USA"
<37.788015:-122.395365>,"234 1st Street, San Francisco, CA 94105, USA"
<37.787558:-122.394735>,"253-299 1st Street, San Francisco, CA 94105, USA"
<37.787472:-122.394323>,"422-498 Folsom Street, San Francisco, CA 94105, USA"
<37.78763:-122.394025>,"443 Folsom Street, San Francisco, CA 94105, USA"
<37.787767:-122.393987>,"400-420 Folsom Street, San Francisco, CA 94105, USA"
<37.787486:-122.394452>,"422-498 Folsom Street, San Francisco, CA 94105, USA"
<37.786977:-122.395043>,"522-528 Folsom Street, San Francisco, CA 94105, USA"
<37.786583:-122.395552>,"528-530 Folsom Street, San Francisco, CA 94105, USA"
<37.78654:-122.39561>,"528-530 Folsom Street, San Francisco, CA 94105, USA"
<37.786516:-122.395659>,"528-530 Folsom Street, San Francisco, CA 94105, USA"
<37.786378:-122.395707>,"528-530 Folsom Street, San Francisco, CA 94105, USA"
<37.786044:-122.395362>,"17 Essex Street, San Francisco, CA 94105, USA"
<37.785598:-122.394715>,"17 Essex Street, San Francisco, CA 94105, USA"
<37.785321:-122.394361>,"36-48 Essex Street, San Francisco, CA 94105, USA"
<37.785207:-122.394236>,"36-48 Essex Street, San Francisco, CA 94105, USA"
<37.785751:-122.394062>,"8100 Lansing Street, San Francisco, CA 94107, USA"
<37.785996:-122.393881>,"45 Lansing Street, San Francisco, CA 94105, USA"
<37.786092:-122.39383>,"45 Lansing Street, San Francisco, CA 94105, USA"
<37.785998:-122.393899>,"45 Lansing Street, San Francisco, CA 94105, USA"
<37.785114:-122.394365>,"546-570 Harrison Street, San Francisco, CA 94105, USA"
<37.785022:-122.394441>,"546-570 Harrison Street, San Francisco, CA 94105, USA"
<37.784823:-122.394635>,"546-570 Harrison Street, San Francisco, CA 94105, USA"
<37.784719:-122.394629>,"579-585 Harrison Street, San Francisco, CA 94105, USA"
<37.785069:-122.394176>,"575 Harrison Street, San Francisco, CA 94105, USA"
<37.7855:-122.39365>,"527-551 Harrison Street, San Francisco, CA 94105, USA"
<37.78577:-122.393291>,"503-511 Harrison Street, San Francisco, CA 94105, USA"
<37.785839:-122.393159>,"503-511 Harrison Street, San Francisco, CA 94105, USA"
<37.782651:-122.400628>,"776-790 Folsom Street, San Francisco, CA 94107, USA"
<37.782616:-122.400599>,"776-790 Folsom Street, San Francisco, CA 94107, USA"
<37.782702:-122.40047>,"776 Folsom Street, San Francisco, CA 94107, USA"
<37.782915:-122.400192>,"730-750 Folsom Street, San Francisco, CA 94107, USA"
<37.783137:-122.399887>,"730-750 Folsom Street, San Francisco, CA 94107, USA"
<37.783414:-122.399519>,"726-728 Folsom Street, San Francisco, CA 94107, USA"
<37.783629:-122.399237>,"700-724 Folsom Street, San Francisco, CA 94107, USA"
<37.783688:-122.399157>,"700-724 Folsom Street, San Francisco, CA 94107, USA"
<37.783716:-122.399106>,"700-724 Folsom Street, San Francisco, CA 94107, USA"
<37.783798:-122.399072>,"700-724 Folsom Street, San Francisco, CA 94107, USA"
<37.783997:-122.399186>,"267-299 3rd Street, San Francisco, CA 94103, USA"
<37.784271:-122.399538>,"255 3rd Street, San Francisco, CA 94107, USA"
<37.784577:-122.399948>,"230-262 3rd Street, San Francisco, CA 94103, USA"
<37.784828:-122.40026>,"222 3rd Street, San Francisco, CA 94103, USA"
<37.784999:-122.400477>,"200-228 3rd Street, San Francisco, CA 94103, USA"
<37.785113:-122.400651>,"194 3rd Street, San Francisco, CA 94103, USA"
<37.785155:-122.400703>,"194 3rd Street, San Francisco, CA 94103, USA"
<37.785192:-122.400749>,"194 3rd Street, San Francisco, CA 94103, USA"
<37.785278:-122.400839>,"186-192 3rd Street, San Francisco, CA 94103, USA"
<37.785387:-122.400857>,"165 Natoma Street, San Francisco, CA 94103, USA"
<37.785478:-122.40089>,"165 Natoma Street, San Francisco, CA 94103, USA"
<37.785526:-122.401022>,"159-177 3rd Street, San Francisco, CA 94103, USA"
<37.785598:-122.401148>,"159-177 3rd Street, San Francisco, CA 94103, USA"
<37.785631:-122.401202>,"133-151 3rd Street, San Francisco, CA 94103, USA"
<37.78566:-122.401267>,"133-151 3rd Street, San Francisco, CA 94103, USA"
<37.803986:-122.426035>,"1141,1139 Bay Street, San Francisco, CA 94109, USA"
<37.804102:-122.425089>,"3000-3098 Van Ness Avenue, San Francisco, CA 94109, USA"
<37.804211:-122.424156>,"1055 Bay Street, San Francisco, CA 94109, USA"
<37.803861:-122.423385>,"2901-2939 Polk Street, San Francisco, CA 94109, USA"
<37.803151:-122.423214>,"2838,2840 Polk Street, San Francisco, CA 94109, USA"
<37.802439:-122.423077>,"2760 Polk Street, San Francisco, CA 94109, USA"
<37.80174:-122.422905>,"2700 Polk Street, San Francisco, CA 94109, USA"
<37.801069:-122.422785>,"2600-2698 Polk Street, San Francisco, CA 94109, USA"
<37.800345:-122.422649>,"2560 Polk Street, San Francisco, CA 94109, USA"
<37.799633:-122.422603>,"2459 Polk Street, San Francisco, CA 94109, USA"
<37.79975:-122.4217>,"1335-1351 Filbert Street, San Francisco, CA 94109, USA"
<37.799885:-122.420854>,"2400-2408 Larkin Street, San Francisco, CA 94109, USA"
<37.799209:-122.420607>,"2312 Larkin Street, San Francisco, CA 94109, USA"
<37.795656:-122.400395>,"450-498 Battery Street, San Francisco, CA 94111, USA"
<37.795203:-122.400304>,"400-444 Battery Street, San Francisco, CA 94111, USA"
<37.778738:-122.415584>,"17-35 Grove Street, San Francisco, CA 94102, USA"
<37.778812:-122.415189>,"9-11 Grove Street, San Francisco, CA 94102, USA"
<37.778824:-122.415092>,"31 Grove Street, San Francisco, CA 94117, USA"
<37.778833:-122.414932>,"92 Hyde Street, San Francisco, CA 94109, USA"
<37.778834:-122.414898>,"92 Hyde Street, San Francisco, CA 94109, USA"
<37.77874:-122.414757>,"1165-1199 Market Street, San Francisco, CA 94102, USA"
<37.778501:-122.414433>,"5-31 8th Street, San Francisco, CA 94103, USA"
<37.778182:-122.414026>,"51-79 8th Street, San Francisco, CA 94103, USA"
<37.777851:-122.413623>,"51-79 8th Street, San Francisco, CA 94103, USA"
<37.777486:-122.413166>,"1180-1198 Mission Street, San Francisco, CA 94103, USA"
<37.777109:-122.412674>,"135-139 8th Street, San Francisco, CA 94103, USA"
<37.776743:-122.412186>,"670-698 Natoma Street, San Francisco, CA 94103, USA"
<37.77644:-122.4118>,"193 8th Street, San Francisco, CA 94103, USA"
<37.776295:-122.411614>,"1190-1198 Howard Street, San Francisco, CA 94103, USA"
<37.776158:-122.41144>,"201 8th Street, San Francisco, CA 94103, USA"
<37.775806:-122.410997>,"239-243 8th Street, San Francisco, CA 94103, USA"
<37.775422:-122.410484>,"275 8th Street, San Francisco, CA 94103, USA"
<37.775126:-122.410087>,"1185 Folsom Street, San Francisco, CA 94105, USA"
<37.775012:-122.409854>,"1195-1199 Folsom Street, San Francisco, CA 94103, USA"
<37.775164:-122.409573>,"Folsom St & 8th St, San Francisco, CA 94103, USA"
<37.775498:-122.40918>,"1165 Folsom Street, San Francisco, CA 94103, USA"
<37.775868:-122.40873>,"1-5 Hallam Street, San Francisco, CA 94103, USA"
<37.776256:-122.40824>,"101-113 Langton Street, San Francisco, CA 94103, USA"
<37.776519:-122.407928>,"300 W. 7th St., San Francisco, CA 94103, USA"
<37.776539:-122.407904>,"300 W. 7th St., San Francisco, CA 94103, USA"
<37.776595:-122.407854>,"Folsom St & Seventh St, San Francisco, CA 94103, USA"
<37.776853:-122.407547>,"1095 San Francisco Bicycle Route 30, San Francisco, CA 94103, USA"
<37.777234:-122.407087>,"1065 Folsom Street, San Francisco, CA 94105, USA"
<37.777644:-122.406558>,"1043-1051 Folsom Street, San Francisco, CA 94103, USA"
<37.778066:-122.406017>,"1035 Folsom Street, San Francisco, CA 94103, USA"
<37.778468:-122.405499>,"301 6th Street, San Francisco, CA 94107, USA"
<37.778866:-122.404995>,"977 San Francisco Bicycle Route 30, San Francisco, CA 94103, USA"
<37.779295:-122.404455>,"951 Folsom Street, San Francisco, CA 94107, USA"
<37.779695:-122.40395>,"923 Folsom Street, San Francisco, CA 94107, USA"
<37.779982:-122.403584>,"917 Folsom Street, San Francisco, CA 94107, USA"
<37.780295:-122.403223>,"897 Folsom Street, San Francisco, CA 94105, USA"
<37.780664:-122.402766>,"875 Folsom Street, San Francisco, CA 94103, USA"
<37.781043:-122.402288>,"855 Folsom Street, San Francisco, CA 94105, USA"
<37.781399:-122.401823>,"829 Folsom Street, San Francisco, CA 94103, USA"
<37.781727:-122.401407>,"821 Folsom Street, San Francisco, CA 94107, USA"
<37.781853:-122.401247>,"801-813 Folsom Street, San Francisco, CA 94107, USA"
<37.781894:-122.401195>,"801-813 Folsom Street, San Francisco, CA 94107, USA"
<37.782076:-122.400977>,"797-799 Folsom Street, San Francisco, CA 94107, USA"
<37.782338:-122.400603>,"795 Folsom Street, San Francisco, CA 94105, USA"
<37.782666:-122.400133>,"747 Folsom Street, San Francisco, CA 94105, USA"
<37.783048:-122.399634>,"737 Folsom Street, San Francisco, CA 94105, USA"
<37.78345:-122.399198>,"707 Folsom Street, San Francisco, CA 94105, USA"
<37.783791:-122.398998>,"701 Folsom Street, San Francisco, CA 94107, USA"
<37.784177:-122.398959>,"690 Folsom Street, San Francisco, CA 94107, USA"
<37.784388:-122.398971>,"682 Folsom Street, San Francisco, CA 94107, USA"
<37.784404:-122.399128>,"Clementina Street, San Francisco, CA 94103, USA"
<37.784586:-122.399524>,"255 3rd Street, San Francisco, CA 94103, USA"
<37.784835:-122.399927>,"222 3rd Street, San Francisco, CA 94103, USA"
<37.785116:-122.400307>,"693-699 Howard Street, San Francisco, CA 94105, USA"
<37.785282:-122.400539>,"181 3rd Street, San Francisco, CA 94103, USA"
<37.785346:-122.400692>,"181 3rd Street, San Francisco, CA 94105, USA"
<37.765769:-122.407201>,"2013 16th Street, San Francisco, CA 94103, USA"
<37.76579:-122.407414>,"2013 16th Street, San Francisco, CA 94103, USA"
<37.765802:-122.407755>,"2100-2188 16th Street, San Francisco, CA 94103, USA"
<37.765791:-122.408219>,"2300 16th Street, Potrero Center, San Francisco, CA 94103, USA"
<37.765763:-122.408759>,"2300 16th Street, Potrero Center, San Francisco, CA 94103, USA"
<37.765726:-122.409348>,"2302-2334 16th Street, San Francisco, CA 94103, USA"
<37.765716:-122.409882>,"16th St & Bryant St, Potrero Center, San Francisco, CA 94103, USA"
<37.765708:-122.410202>,"2376-2398 16th Street, San Francisco, CA 94103, USA"
<37.765705:-122.410253>,"2376-2398 16th Street, San Francisco, CA 94103, USA"
<37.765707:-122.410369>,"2376-2398 16th Street, San Francisco, CA 94103, USA"
<37.765692:-122.41072>,"2400-2440 16th Street, San Francisco, CA 94103, USA"
<37.765699:-122.411215>,"2440 16th Street, San Francisco, CA 94103, USA"
<37.765687:-122.411789>,"2500 16th Street, San Francisco, CA 94103, USA"
<37.765666:-122.412373>,"243-299 Alabama Street, San Francisco, CA 94103, USA"
<37.765598:-122.412883>,"2600 16th Street, San Francisco, CA 94103, USA"
<37.765543:-122.413039>,"2600-2698 16th Street, San Francisco, CA 94103, USA"
<37.765532:-122.413125>,"1967-1999 Harrison Street, San Francisco, CA 94103, USA"
<37.7655:-122.413553>,"2710 16th Street, San Francisco, CA 94103, USA"
<37.765448:-122.414053>,"2736 16th Street, San Francisco, CA 94103, USA"
<37.765388:-122.414645>,"2736-2798 16th Street, San Francisco, CA 94103, USA"
<37.765323:-122.41525>,"2799 16th Street, San Francisco, CA 94103, USA"
<37.765303:-122.415847>,"2800-2850 16th Street, San Francisco, CA 94103, USA"
<37.765251:-122.416439>,"200 Shotwell Street, San Francisco, CA 94110, USA"
<37.765204:-122.41702>,"2853-2899 16th Street, San Francisco, CA 94103, USA"
<37.765172:-122.417556>,"2901 16th Street, San Francisco, CA 94103, USA"
<37.765164:-122.418075>,"2926 16th Street, San Francisco, CA 94103, USA"
<37.765153:-122.418618>,"50-98 Capp Street, San Francisco, CA 94103, USA"
<37.765136:-122.419112>,"2960 16th Street, San Francisco, CA 94103, USA"
<37.765129:-122.419378>,"2978 16th Street, San Francisco, CA 94103, USA"
<37.765119:-122.419481>,"2978 16th Street, San Francisco, CA 94103, USA"
<37.7651:-122.419852>,"3004 16th Street, San Francisco, CA 94103, USA"
<37.765083:-122.420349>,"3032 16th Street, San Francisco, CA 94110, USA"
<37.765045:-122.42093>,"198 Julian Avenue, San Francisco, CA 94103, USA"
<37.764992:-122.421481>,"3076-3092 16th Street, San Francisco, CA 94103, USA"
<37.76498:-122.421695>,"3092-3098 16th Street, San Francisco, CA 94103, USA"
<37.764993:-122.421843>,"483-499 Valencia Street, San Francisco, CA 94103, USA"
<37.764986:-122.422255>,"3118 16th Street, San Francisco, CA 94103, USA"
<37.764975:-122.422823>,"3150 16th Street, San Francisco, CA 94110, USA"
<37.764939:-122.423411>,"3162 16th Street, San Francisco, CA 94103, USA"
<37.764902:-122.424014>,"3198 16th Street, San Francisco, CA 94103, USA"
<37.764853:-122.424576>,"1-99 Spencer Alley, San Francisco, CA 94103, USA"
<37.764826:-122.424922>,"3232 16th Street, San Francisco, CA 94110, USA"
<37.764796:-122.425375>,"3250 16th Street, San Francisco, CA 94103, USA"
<37.764782:-122.425869>,"3256-3298 16th Street, San Francisco, CA 94103, USA"
<37.764768:-122.426089>,"16th St & Dolores St, San Francisco, CA 94103, USA"
<37.764766:-122.426117>,"16th St & Dolores St, San Francisco, CA 94103, USA"
<37.764723:-122.426276>,"279-299 Dolores Street, San Francisco, CA 94103, USA"
<37.764681:-122.426649>,"3310 16th Street, San Francisco, CA 94114, USA"
<37.782012:-122.4042>,"875 Howard Street, San Francisco, CA 94103, USA"
<37.781574:-122.404911>,"888-898 Howard Street, San Francisco, CA 94103, USA"
<37.781055:-122.405597>,"918-926 Howard Street, San Francisco, CA 94103, USA"
<37.780479:-122.406341>,"954 Howard Street, San Francisco, CA 94105, USA"
<37.779996:-122.406939>,"988 Howard Street, San Francisco, CA 94105, USA"
<37.779459:-122.407613>,"1016 Howard Street, San Francisco, CA 94105, USA"
<37.778953:-122.408228>,"1044 Howard Street, San Francisco, CA 94103, USA"
<37.778409:-122.408839>,"1 Moss Street, San Francisco, CA 94103, USA"
<37.777842:-122.409501>,"1101 Howard Street, San Francisco, CA 94103, USA"
<37.777334:-122.410181>,"1137 Howard Street, San Francisco, CA 94105, USA"
<37.776809:-122.410836>,"1169 Howard Street, San Francisco, CA 94103, USA"
<37.77624:-122.411514>,"1185-1199 Howard Street, San Francisco, CA 94103, USA"
<37.775725:-122.412145>,"1239 San Francisco Bicycle Route 30, San Francisco, CA 94105, USA"
<37.77519:-122.412805>,"1277 Howard Street, San Francisco, CA 94103, USA"
<37.774672:-122.413464>,"1309 Howard Street, San Francisco, CA 94105, USA"
<37.774084:-122.414186>,"1361-1375 Howard Street, San Francisco, CA 94103, USA"
<37.773533:-122.413636>,"201-241 10th Street, San Francisco, CA 94103, USA"
<37.773021:-122.413009>,"291 10th Street, San Francisco, CA 94103, USA"
<37.772501:-122.412371>,"323 10th Street, San Francisco, CA 94103, USA"
<37.771964:-122.411681>,"371 10th Street, San Francisco, CA 94103, USA"
<37.771479:-122.411078>,"405 10th Street, San Francisco, CA 94103, USA"
<37.770992:-122.410477>,"449 10th Street, San Francisco, CA 94103, USA"
<37.770467:-122.409801>,"479 10th Street, San Francisco, CA 94103, USA"
<37.77009:-122.408904>,"10th Street & Bryant Street, San Francisco, CA 94103, USA"
<37.769657:-122.408103>,"Central Freeway, San Francisco, CA 94103, USA"
<37.769132:-122.407276>,"10th Street & Bryant Street, San Francisco, CA 94103, USA"
<37.768564:-122.406469>,"Central Freeway, San Francisco, CA 94103, USA"
<37.76798:-122.405745>,"10 San Bruno Avenue, San Francisco, CA 94103, USA"
<37.76738:-122.405299>,"Central Freeway, San Francisco, CA 94103, USA"
<37.766604:-122.405297>,"Central Freeway & El Camino Real, San Francisco, CA 94103, USA"
<37.765838:-122.4052>,"El Camino Real, San Francisco, CA 94103, USA"
<37.765139:-122.405139>,"El Camino Real, San Francisco, CA 94103, USA"
<37.764457:-122.405094>,"El Camino Real, San Francisco, CA 94103, USA"
<37.763716:-122.405142>,"Bayshore Freeway, San Francisco, CA 94103, USA"
<37.762932:-122.405398>,"El Camino Real, San Francisco, CA 94110, USA"
<37.762126:-122.405813>,"El Camino Real, San Francisco, CA 94110, USA"
<37.761344:-122.406215>,"Bayshore Freeway, San Francisco, CA 94110, USA"
<37.760556:-122.406495>,"El Camino Real, San Francisco, CA 94110, USA"
<37.759732:-122.406484>,"Bayshore Freeway, San Francisco, CA 94110, USA"
<37.75891:-122.406228>,"El Camino Real, San Francisco, CA 94110, USA"
<37.758182:-122.405695>,"El Camino Real, San Francisco, CA 94110, USA"
<37.757676:-122.405118>,"900 San Bruno Avenue, San Francisco, CA 94110, USA"
<37.757039:-122.404346>,"2301-2449 22nd Street, San Francisco, CA 94107, USA"
<37.756335:-122.403719>,"1024-1148 Vermont Street, San Francisco, CA 94110, USA"
<37.755503:-122.403406>,"El Camino Real, San Francisco, CA 94110, USA"
<37.754665:-122.403242>,"Bayshore Freeway, San Francisco, CA 94107, USA"
<37.753837:-122.403172>,"Bayshore Freeway, San Francisco, CA 94107, USA"
<37.752986:-122.403112>,"Bayshore Freeway, San Francisco, CA 94107, USA"
<37.752133:-122.403147>,"El Camino Real, San Francisco, CA 94110, USA"
<37.751266:-122.403355>,"El Camino Real, San Francisco, CA 94110, USA"
<37.750469:-122.403738>,"El Camino Real, San Francisco, CA 94110, USA"
<37.749741:-122.404052>,"1462 San Bruno Avenue, San Francisco, CA 94110, USA"
<37.749088:-122.404419>,"2719-2799 Cesar Chavez Street, San Francisco, CA 94110, USA"
<37.748419:-122.404801>,"Potrero Avenue & Cesar Chavez Street, San Francisco, CA 94110, USA"
<37.747895:-122.405551>,"23 Peralta Avenue, San Francisco, CA 94110, USA"
<37.747989:-122.406669>,"1550 Hampshire Street, San Francisco, CA 94110, USA"
<37.74791:-122.407604>,"1529-1599 York Street, San Francisco, CA 94110, USA"
<37.748002:-122.408536>,"654-660 Precita Avenue, San Francisco, CA 94110, USA"
<37.748371:-122.409291>,"2976-2998 Cesar Chavez Street, San Francisco, CA 94110, USA"
<37.748347:-122.410222>,"3026-3048 Cesar Chavez Street, San Francisco, CA 94110, USA"
<37.74832:-122.411111>,"3094 Cesar Chavez Street, San Francisco, CA 94107, USA"
<37.748302:-122.412062>,"3128 Cesar Chavez Street, San Francisco, CA 94107, USA"
<37.748305:-122.412979>,"3168 Cesar Chavez Street, San Francisco, CA 94107, USA"
<37.748342:-122.413864>,"3200-3206 Cesar Chavez Street, San Francisco, CA 94110, USA"
<37.748265:-122.414833>,"3208-3224 Cesar Chavez Street, San Francisco, CA 94110, USA"
<37.748243:-122.415743>,"3268-3298 Cesar Chavez Street, San Francisco, CA 94110, USA"
<37.7482:-122.416738>,"3300 Cesar Chavez Street, San Francisco, CA 94110, USA"
<37.748175:-122.417729>,"3390 Cesar Chavez Street, San Francisco, CA 94110, USA"
<37.786237:-122.401006>,"179-199 Minna Street, San Francisco, CA 94105, USA"
<37.785631:-122.399936>,"610 San Francisco Bicycle Route 30, San Francisco, CA 94105, USA"
<37.78591:-122.399658>,"648 Howard Street, San Francisco, CA 94105, USA"
<37.786281:-122.399554>,"170 New Montgomery Street, San Francisco, CA 94105, USA"
<37.786162:-122.399504>,"170 New Montgomery Street, San Francisco, CA 94105, USA"
<37.785778:-122.399764>,"658 San Francisco Bicycle Route 30, San Francisco, CA 94105, USA"
<37.785458:-122.400161>,"680 Howard Street, San Francisco, CA 94105, USA"
<37.785265:-122.400349>,"690 Howard Street, San Francisco, CA 94105, USA"
<37.785128:-122.400543>,"195-199 3rd Street, San Francisco, CA 94103, USA"
<37.784689:-122.40102>,"740-798 Howard Street, San Francisco, CA 94103, USA"
<37.784282:-122.401578>,"720 Howard Street, San Francisco, CA 94103, USA"
<37.783877:-122.4021>,"700-736 Howard Street, San Francisco, CA 94103, USA"
<37.783548:-122.402649>,"730 Howard Street, Metreon, San Francisco, CA 94103, USA"
<37.783439:-122.402725>,"Howard St & Fourth St, San Francisco, CA 94103, USA"
<37.783245:-122.402913>,"800-812 Howard Street, San Francisco, CA 94103, USA"
<37.781966:-122.404044>,"875 Howard Street, San Francisco, CA 94105, USA"
<37.78187:-122.404129>,"875 Howard Street, San Francisco, CA 94103, USA"
<37.781626:-122.404787>,"897-899 Howard Street, San Francisco, CA 94103, USA"
<37.781442:-122.405003>,"901-909 Howard Street, San Francisco, CA 94103, USA"
<37.781089:-122.405552>,"918-926 Howard Street, San Francisco, CA 94103, USA"
<37.78052:-122.406255>,"954 Howard Street, San Francisco, CA 94105, USA"
<37.779411:-122.407618>,"1016 Howard Street, San Francisco, CA 94105, USA"
<37.778766:-122.408466>,"1050-1054 Howard Street, San Francisco, CA 94103, USA"
<37.778137:-122.409234>,"1098 Howard Street, San Francisco, CA 94103, USA"
<37.778049:-122.409349>,"1098 Howard Street, San Francisco, CA 94103, USA"
<37.776975:-122.410698>,"1154 Howard Street, San Francisco, CA 94103, USA"
<37.77688:-122.410845>,"1164 Howard Street, San Francisco, CA 94105, USA"
<37.776347:-122.411471>,"1185-1199 Howard Street, San Francisco, CA 94103, USA"
<37.775416:-122.410682>,"700-716 Clementina Street, San Francisco, CA 94103, USA"
<37.775309:-122.410559>,"290 8th Street, San Francisco, CA 94103, USA"
<37.77499:-122.410183>,"1200 Folsom Street, San Francisco, CA 94103, USA"
<37.775024:-122.410163>,"290-298 8th Street, San Francisco, CA 94103, USA"
<37.774239:-122.40914>,"344-348 8th Street, San Francisco, CA 94103, USA"
<37.774157:-122.409033>,"350 8th Street, San Francisco, CA 94103, USA"
<37.770015:-122.422386>,"191-199 Valencia Street, San Francisco, CA 94103, USA"
<37.769967:-122.422386>,"199 Valencia Street, San Francisco, CA 94103, USA"
<37.769895:-122.422382>,"199 Valencia Street, San Francisco, CA 94103, USA"
<37.769863:-122.422344>,"95-99 Duboce Avenue, San Francisco, CA 94103, USA"
<37.769843:-122.422084>,"95-97 Duboce Avenue, San Francisco, CA 94103, USA"
<37.769872:-122.421756>,"83 Duboce Avenue, San Francisco, CA 94103, USA"
<37.769911:-122.421391>,"34-70 Duboce Avenue, San Francisco, CA 94103, USA"
<37.769945:-122.42104>,"34-70 Duboce Avenue, San Francisco, CA 94103, USA"
<37.769968:-122.420842>,"2-32 Duboce Avenue, San Francisco, CA 94103, USA"
<37.770002:-122.420565>,"Central Freeway, San Francisco, CA 94103, USA"
<37.769984:-122.420187>,"1700 Mission Street, San Francisco, CA 94103, USA"
<37.770019:-122.420034>,"Central Freeway, San Francisco, CA 94103, USA"
<37.770048:-122.419789>,"Central Freeway, San Francisco, CA 94103, USA"
<37.770023:-122.419427>,"Central Freeway, San Francisco, CA 94103, USA"
<37.769991:-122.419189>,"Central Freeway, San Francisco, CA 94103, USA"
<37.769958:-122.419004>,"Central Freeway, San Francisco, CA 94103, USA"
<37.769929:-122.41885>,"Central Freeway, San Francisco, CA 94103, USA"
<37.769922:-122.418812>,"Central Freeway, San Francisco, CA 94103, USA"
<37.769933:-122.418698>,"Central Freeway, San Francisco, CA 94103, USA"
<37.76988:-122.418432>,"Central Freeway, San Francisco, CA 94103, USA"
<37.769356:-122.418039>,"232-298 South Van Ness Avenue, San Francisco, CA 94103, USA"
<37.768969:-122.41817>,"South Van Ness Avenue & El Camino Real & Central Freeway, San Francisco, CA 94103, USA"
<37.768857:-122.418582>,"South Van Ness Avenue & El Camino Real, San Francisco, CA 94103, USA"
<37.768952:-122.418877>,"South Van Ness Avenue & El Camino Real, San Francisco, CA 94103, USA"
<37.769118:-122.419007>,"South Van Ness Avenue & El Camino Real, San Francisco, CA 94103, USA"
<37.769344:-122.419008>,"Central Freeway & El Camino Real, San Francisco, CA 94103, USA"
<37.769587:-122.418873>,"Central Freeway & El Camino Real, San Francisco, CA 94103, USA"
<37.769733:-122.418576>,"South Van Ness Avenue & El Camino Real, San Francisco, CA 94103, USA"
<37.769723:-122.418097>,"1601-1617 13th Street, San Francisco, CA 94103, USA"
<37.769631:-122.417468>,"South Van Ness Avenue & El Camino Real & Central Freeway, San Francisco, CA 94103, USA"
<37.769549:-122.416736>,"1603-1645 13th Street, San Francisco, CA 94103, USA"
<37.769476:-122.415013>,"1661-1689 13th Street, San Francisco, CA 94103, USA"
<37.769464:-122.414111>,"1621-1633 13th Street, San Francisco, CA 94103, USA"
<37.769434:-122.413235>,"28 13th Street, San Francisco, CA 94103, USA"
<37.769409:-122.412324>,"13th Street, San Francisco, CA 94103, USA"
<37.769356:-122.411356>,"13th Street, San Francisco, CA 94103, USA"
<37.769219:-122.410352>,"341-399 Division Street, San Francisco, CA 94103, USA"
<37.769047:-122.409379>,"79 Central Freeway, San Francisco, CA 94103, USA"
<37.76886:-122.408464>,"Central Freeway, San Francisco, CA 94103, USA"
<37.768747:-122.407553>,"Central Freeway, San Francisco, CA 94103, USA"
<37.76853:-122.406709>,"Central Freeway, San Francisco, CA 94103, USA"
<37.768113:-122.405971>,"Central Freeway, San Francisco, CA 94103, USA"
<37.767496:-122.40548>,"Central Freeway & El Camino Real, San Francisco, CA 94103, USA"
<37.766761:-122.405339>,"Central Freeway & El Camino Real, San Francisco, CA 94103, USA"
<37.76604:-122.405232>,"Bayshore Freeway, San Francisco, CA 94103, USA"
<37.765306:-122.405168>,"Bayshore Freeway, San Francisco, CA 94103, USA"
<37.76459:-122.405108>,"El Camino Real, San Francisco, CA 94103, USA"
<37.763901:-122.405136>,"Bayshore Freeway, San Francisco, CA 94103, USA"
<37.763165:-122.405292>,"Bayshore Freeway, San Francisco, CA 94110, USA"
<37.762433:-122.405672>,"El Camino Real, San Francisco, CA 94110, USA"
<37.761712:-122.406107>,"Bayshore Freeway, San Francisco, CA 94110, USA"
<37.760915:-122.406435>,"El Camino Real, San Francisco, CA 94110, USA"
<37.760017:-122.406482>,"El Camino Real, San Francisco, CA 94110, USA"
<37.759329:-122.406239>,"El Camino Real, San Francisco, CA 94110, USA"
<37.758498:-122.405629>,"Bayshore Freeway, San Francisco, CA 94110, USA"
<37.757821:-122.404762>,"El Camino Real, San Francisco, CA 94110, USA"
<37.757132:-122.403943>,"El Camino Real, San Francisco, CA 94110, USA"
<37.756329:-122.403369>,"Bayshore Freeway, San Francisco, CA 94110, USA"
<37.755361:-122.403199>,"Bayshore Freeway, San Francisco, CA 94110, USA"
<37.754354:-122.40309>,"El Camino Real, San Francisco, CA 94107, USA"
<37.753337:-122.402987>,"El Camino Real, San Francisco, CA 94107, USA"
<37.752314:-122.402999>,"El Camino Real, San Francisco, CA 94110, USA"
<37.751323:-122.403182>,"Bayshore Freeway, San Francisco, CA 94110, USA"
<37.750345:-122.403486>,"Bayshore Freeway, San Francisco, CA 94110, USA"
<37.749364:-122.403807>,"Bayshore Freeway, San Francisco, CA 94110, USA"
<37.748412:-122.40412>,"Bayshore Freeway, San Francisco, CA 94110, USA"
<37.747501:-122.404427>,"Bayshore Freeway, San Francisco, CA 94110, USA"
<37.746609:-122.404686>,"Bayshore Freeway, San Francisco, CA 94110, USA"
<37.745727:-122.404972>,"Bayshore Freeway, San Francisco, CA 94110, USA"
<37.744852:-122.405291>,"Bayshore Freeway, San Francisco, CA 94110, USA"
<37.743891:-122.405847>,"El Camino Real, San Francisco, CA 94110, USA"
<37.743222:-122.40643>,"El Camino Real, San Francisco, CA 94110, USA"
<37.742484:-122.40707>,"Bayshore Freeway, San Francisco, CA 94110, USA"
<37.741879:-122.407477>,"El Camino Real, San Francisco, CA 94110, USA"
<37.741009:-122.407916>,"Bayshore Freeway, San Francisco, CA 94110, USA"
<37.740119:-122.408201>,"Bayshore Freeway, San Francisco, CA 94110, USA"
<37.73903:-122.408293>,"700-732 Holladay Avenue, San Francisco, CA 94110, USA"
<37.738253:-122.40827>,"James Lick Freeway & El Camino Real & U.S. 101, San Francisco, CA 94110, USA"
<37.737503:-122.408239>,"James Lick Freeway & El Camino Real & U.S. 101, San Francisco, CA 94110, USA"
<37.736757:-122.40832>,"James Lick Freeway & El Camino Real & U.S. 101, San Francisco, CA 94110, USA"
<37.736002:-122.408616>,"44 Alemany Boulevard, San Francisco, CA 94124, USA"
<37.735287:-122.409184>,"John F. Foran Freeway & El Camino Real & Interstate 280, San Francisco, CA 94110, USA"
<37.734779:-122.409798>,"John F. Foran Freeway & El Camino Real & Interstate 280, San Francisco, CA 94110, USA"
<37.734197:-122.410818>,"John F. Foran Freeway, San Francisco, CA 94134, USA"
<37.733665:-122.411889>,"El Camino Real, San Francisco, CA 94110, USA"
<37.733126:-122.412959>,"El Camino Real, San Francisco, CA 94110, USA"
<37.732614:-122.414074>,"El Camino Real, San Francisco, CA 94110, USA"
<37.73224:-122.415252>,"El Camino Real, San Francisco, CA 94110, USA"
<37.732043:-122.416445>,"El Camino Real, San Francisco, CA 94112, USA"
<37.732021:-122.41768>,"El Camino Real, San Francisco, CA 94112, USA"
<37.732026:-122.418939>,"El Camino Real, San Francisco, CA 94112, USA"
<37.73198:-122.420199>,"El Camino Real, San Francisco, CA 94112, USA"
<37.731839:-122.421434>,"El Camino Real, San Francisco, CA 94110, USA"
<37.731664:-122.422661>,"El Camino Real, San Francisco, CA 94112, USA"
<37.731556:-122.423899>,"El Camino Real, San Francisco, CA 94112, USA"
<37.731556:-122.42514>,"Alemany Boulevard, San Francisco, CA 94112, USA"
<37.731693:-122.426374>,"El Camino Real, San Francisco, CA 94112, USA"
<37.731938:-122.42761>,"El Camino Real, San Francisco, CA 94112, USA"
<37.732227:-122.428849>,"4505-4529 El Camino Real, San Francisco, CA 94112, USA"
<37.732422:-122.430055>,"4531-4555 El Camino Real, San Francisco, CA 94112, USA"
<37.732455:-122.43147>,"4579-4589 El Camino Real, San Francisco, CA 94112, USA"
<37.732373:-122.432322>,"4591-4597 El Camino Real, San Francisco, CA 94112, USA"
<37.732119:-122.433685>,"J-Line Access, San Francisco, CA 94112, USA"
<37.731873:-122.434658>,"1587-1663 San Jose Avenue, San Francisco, CA 94112, USA"
<37.731705:-122.435362>,"1500-1546 San Jose Avenue, San Francisco, CA 94131, USA"
<37.731627:-122.435775>,"36A Monterey Boulevard, San Francisco, CA 94127, USA"
<37.731612:-122.4359>,"50 Monterey Boulevard, San Francisco, CA 94127, USA"
<37.731605:-122.436017>,"50 Monterey Boulevard, San Francisco, CA 94127, USA"
<37.731589:-122.436285>,"62 Monterey Boulevard, San Francisco, CA 94127, USA"
<37.731608:-122.436697>,"68 Monterey Boulevard, San Francisco, CA 94127, USA"
<37.731648:-122.437221>,"86 Monterey Boulevard, San Francisco, CA 94127, USA"
<37.731668:-122.437753>,"Monterey Blvd & Acadia St, San Francisco, CA 94131, USA"
<37.731683:-122.438332>,"134 Monterey Boulevard, San Francisco, CA 94127, USA"
<37.731694:-122.43888>,"160 Monterey Boulevard, San Francisco, CA 94131, USA"
<37.731692:-122.439306>,"178 Monterey Boulevard, San Francisco, CA 94127, USA"
<37.731697:-122.439518>,"190 Monterey Boulevard, San Francisco, CA 94127, USA"
<37.731701:-122.439667>,"190 Baden Street, San Francisco, CA 94131, USA"
<37.731706:-122.440127>,"210 Monterey Boulevard, San Francisco, CA 94127, USA"
<37.731713:-122.440767>,"236 Monterey Boulevard, San Francisco, CA 94131, USA"
<37.731714:-122.441412>,"278 Monterey Boulevard, San Francisco, CA 94127, USA"
<37.731725:-122.441717>,"284 Monterey Boulevard, San Francisco, CA 94127, USA"
<37.731729:-122.441783>,"298 Monterey Boulevard, San Francisco, CA 94131, USA"
<37.731761:-122.442269>,"300 Monterey Boulevard, San Francisco, CA 94131, USA"
<37.731775:-122.442936>,"342 Monterey Boulevard, San Francisco, CA 94127, USA"
<37.731784:-122.443673>,"370 Monterey Boulevard, San Francisco, CA 94131, USA"
<37.731775:-122.444416>,"400 Monterey Boulevard, San Francisco, CA 94127, USA"
<37.731762:-122.445163>,"430 Monterey Boulevard, San Francisco, CA 94127, USA"
<37.789648:-122.412077>,"750-798 Taylor Street, San Francisco, CA 94108, USA"
<37.789715:-122.411539>,"863 Bush Street, San Francisco, CA 94104, USA"
<37.789781:-122.410946>,"825 Bush Street, San Francisco, CA 94104, USA"
<37.789838:-122.410314>,"698 Mason Street, San Francisco, CA 94108, USA"
<37.789906:-122.409681>,"755 Bush Street, San Francisco, CA 94104, USA"
<37.789981:-122.409132>,"701 Bush Street, San Francisco, CA 94104, USA"
<37.790033:-122.408656>,"560 Powell Street, San Francisco, CA 94108, USA"
<37.790094:-122.40821>,"645 Bush Street, San Francisco, CA 94104, USA"
<37.790187:-122.407856>,"635 Bush Street, San Francisco, CA 94104, USA"
<37.790306:-122.407366>,"611 Bush Street, San Francisco, CA 94108, USA"
<37.790414:-122.406841>,"590 Bush Street, San Francisco, CA 94104, USA"
<37.790511:-122.406298>,"28 Chatham Place, San Francisco, CA 94108, USA"
<37.790572:-122.405665>,"502 Bush Street, San Francisco, CA 94108, USA"
<37.790639:-122.405009>,"454-460 Bush Street, San Francisco, CA 94108, USA"
<37.790736:-122.404338>,"400-406 Bush Street, San Francisco, CA 94108, USA"
<37.790833:-122.403698>,"2-22 Belden Place, San Francisco, CA 94104, USA"
<37.790878:-122.403242>,"340-350 Bush Street, San Francisco, CA 94104, USA"
<37.790897:-122.40285>,"305-333 Bush Street, San Francisco, CA 94104, USA"
<37.790924:-122.402453>,"149-157 Montgomery Street, San Francisco, CA 94104, USA"
<37.790978:-122.402047>,"Bush St & Montgomery St, San Francisco, CA 94104, USA"
<37.791043:-122.401644>,"263-283 Bush Street, San Francisco, CA 94104, USA"
<37.790507:-122.400402>,"532 Market Street, San Francisco, CA 94104, USA"
<37.790418:-122.400341>,"532 Market Street, San Francisco, CA 94104, USA"
<37.790541:-122.40058>,"2-98 Sansome Street, San Francisco, CA 94104, USA"
<37.791065:-122.400826>,"1-99 Sansome Street, San Francisco, CA 94104, USA"
<37.791531:-122.401016>,"115 Sansome Street, San Francisco, CA 94104, USA"
<37.791873:-122.400962>,"155 Sansome Street, San Francisco, CA 94133, USA"
<37.792228:-122.401004>,"201 Sansome Street, San Francisco, CA 94133, USA"
<37.792435:-122.401066>,"221 San Francisco Bicycle Route 11, San Francisco, CA 94107, USA"
<37.792592:-122.401093>,"331 Sansome Street, San Francisco, CA 94133, USA"
<37.792687:-122.401113>,"233 Sansome Street, San Francisco, CA 94133, USA"
<37.79269:-122.400978>,"238 Sansome Street, San Francisco, CA 94133, USA"
<37.792833:-122.400922>,"238 Sansome Street, San Francisco, CA 94133, USA"
<37.793069:-122.400987>,"351 California Street, San Francisco, CA 94104, USA"
<37.79338:-122.401149>,"306-332 Sansome Street, San Francisco, CA 94104, USA"
<37.793685:-122.401228>,"340 Sansome Street, San Francisco, CA 94111, USA"
<37.793954:-122.401272>,"354-398 Sansome Street, San Francisco, CA 94104, USA"
<37.7943:-122.40133>,"400 Sansome Street, San Francisco, CA 94111, USA"
<37.794938:-122.401577>,"505 Sansome Street, San Francisco, CA 94111, USA"
<37.795654:-122.401768>,"551-599 Sansome Street, San Francisco, CA 94111, USA"
<37.796195:-122.401844>,"619 Sansome Street, San Francisco, CA 94133, USA"
<37.796408:-122.401726>,"630-698 Sansome Street, San Francisco, CA 94111, USA"
<37.796529:-122.401533>,"333-399 Jackson Street, San Francisco, CA 94111, USA"
<37.796613:-122.401333>,"1-99 Custom House Place, San Francisco, CA 94111, USA"
<37.796657:-122.401258>,"2-98 Custom House Place, San Francisco, CA 94111, USA"
<37.796811:-122.400993>,"326 Jackson Street, San Francisco, CA 94111, USA"
<37.79697:-122.400867>,"605 Battery Street, San Francisco, CA 94111, USA"
<37.797053:-122.400657>,"600-698 Battery Street, San Francisco, CA 94111, USA"
<37.797046:-122.40037>,"220 Jackson Street, San Francisco, CA 94111, USA"
<37.79703:-122.400198>,"220 Jackson Street, San Francisco, CA 94111, USA"
<37.797134:-122.399862>,"607 Front Street, San Francisco, CA 94111, USA"
<37.797223:-122.399546>,"600-646 Front Street, San Francisco, CA 94111, USA"
<37.797239:-122.39904>,"600 Front Street, San Francisco, CA 94111, USA"
<37.797228:-122.398688>,"100-128 Jackson Street, San Francisco, CA 94111, USA"
<37.79722:-122.398481>,"520 Davis Street, San Francisco, CA 94111, USA"
<37.797266:-122.398189>,"500 Davis Street, San Francisco, CA 94111, USA"
<37.797335:-122.397726>,"88 Jackson Street, San Francisco, CA 94109, USA"
<37.79735:-122.397357>,"10 Jackson Street, San Francisco, CA 94109, USA"
<37.797172:-122.397147>,"301-399 Drumm Street, San Francisco, CA 94111, USA"
<37.796849:-122.397075>,"370 Drumm Street, San Francisco, CA 94111, USA"
<37.79673:-122.397062>,"301-399 Drumm Street, San Francisco, CA 94111, USA"
<37.796508:-122.397042>,"301-399 Drumm Street, San Francisco, CA 94111, USA"
<37.79632:-122.39686>,"218-298 Drumm Street, San Francisco, CA 94111, USA"
<37.796338:-122.396512>,"15 Washington Street, San Francisco, CA 94111, USA"
<37.796437:-122.396118>,"4-5700 Washington Street, San Francisco, CA 94133, USA"
<37.796498:-122.395844>,"1-13 Washington Street, San Francisco, CA 94111, USA"
<37.796536:-122.39567>,"1-13 Washington Street, San Francisco, CA 94111, USA"
<37.796507:-122.395488>,"222-398 The Embarcadero, San Francisco, CA 94105, USA"
<37.796262:-122.395208>,"222-398 The Embarcadero, San Francisco, CA 94105, USA"
<37.795866:-122.394864>,"166-220 The Embarcadero, San Francisco, CA 94105, USA"
<37.795429:-122.394587>,"38-164 The Embarcadero, San Francisco, CA 94133, USA"
<37.795141:-122.394399>,"38-164 The Embarcadero, San Francisco, CA 94133, USA"
<37.795077:-122.394352>,"38-164 The Embarcadero, San Francisco, CA 94133, USA"
<37.794887:-122.394201>,"26-36 The Embarcadero, San Francisco, CA 94105, USA"
<37.794663:-122.393939>,"26-36 The Embarcadero, San Francisco, CA 94105, USA"
<37.794457:-122.393651>,"20 The Embarcadero, San Francisco, CA 94133, USA"
<37.794271:-122.393333>,"162 The Embarcadero, San Francisco, CA 94133, USA"
<37.794081:-122.393012>,"24 The Embarcadero, San Francisco, CA 94133, USA"
<37.793947:-122.392849>,"24 The Embarcadero, San Francisco, CA 94133, USA"
<37.793836:-122.392769>,"24 The Embarcadero, San Francisco, CA 94133, USA"
<37.793608:-122.392539>,"100 The Embarcadero, San Francisco, CA 94105, USA"
<37.793323:-122.392214>,"100 The Embarcadero, San Francisco, CA 94105, USA"
<37.793047:-122.391875>,"110-152 The Embarcadero, San Francisco, CA 94105, USA"
<37.792807:-122.391586>,"154-164 The Embarcadero, San Francisco, CA 94105, USA"
<37.792574:-122.391389>,"170-178 The Embarcadero, San Francisco, CA 94105, USA"
<37.792512:-122.391352>,"170-178 The Embarcadero, San Francisco, CA 94105, USA"
<37.792464:-122.391334>,"190 The Embarcadero, San Francisco, CA 94105, USA"
<37.790895:-122.417392>,"1029-1091 Hyde Street, San Francisco, CA 94109, USA"
<37.797036:-122.405632>,"601-655 Pacific Avenue, San Francisco, CA 94133, USA"
<37.796384:-122.404808>,"560-598 Jackson Street, San Francisco, CA 94133, USA"
<37.794651:-122.40297>,"565-599 Clay Street, San Francisco, CA 94111, USA"
<37.793735:-122.402895>,"460 Montgomery Street, San Francisco, CA 94111, USA"
<37.792589:-122.402994>,"555 California Street, San Francisco, CA 94109, USA"
<37.789995:-122.402054>,"55-99 Sutter Street, San Francisco, CA 94104, USA"
<37.78906:-122.402127>,"1 Post Street, San Francisco, CA 94104, USA"
<37.786077:-122.412852>,"520 Jones Street, San Francisco, CA 94102, USA"
<42.342634:-71.122545>,"286 Harvard Street, Brookline, MA 02446, USA"
<42.367561:-71.129498>,"970-1114 Soldiers Field Road, Boston, MA 02163, USA"
<42.3555247:-71.1327973>,"18 Harvard Avenue, Boston, MA 02134, USA"
<42.357856:-71.126417>,"234 Cambridge Street, Boston, MA 02134, USA"
<42.3654866:-71.1265965>,"Lower Allston, Boston, MA, USA"
<42.366592:-71.127866>,"91 North Harvard Street, Harvard University, Boston, MA 02163, USA"
<42.3678878:-71.1305021>,"970-1114 Soldiers Field Road, Boston, MA 02163, USA"
<42.356217:-71.137512>,"120 Braintree Street, Boston, MA 02134, USA"
<42.356506:-71.1375987>,"2 Blaine Street, Boston, MA 02134, USA"
<42.3559598:-71.1328451>,"17 Franklin Street, Boston, MA 02134, USA"
<42.3428833:-71.1224127>,"290 Harvard Street, Brookline, MA 02446, USA"
<48.835975:2.345097>,"20 Rue de la Glacire, 75013 Paris, France"
<48.837275:2.382433>,"51 Rue de Bercy, 75012 Paris, France"
<48.843545:2.385352>,"2-4 Rue Charles Nicolle, 75012 Paris, France"
<48.839478:2.317374>,"Alle du Capitaine Dronne, 75015 Paris, France"
<25.270751:55.31403>,44 36c Street - Dubai - United Arab Emirates
<25.279288:55.304331>,D 85 - Dubai - United Arab Emirates
<-22.910194:-43.212211>,"Rua Elpdio Boamorte, 157-191 - Praa da Bandeira, Rio - Rio de Janeiro, 20270-170, Brazil"
<-22.900311:-43.240621>,"Rua Visconde de Niteri, 1338-1406 - Benfica, Rio - Rio de Janeiro, Brazil"
<48.837246:2.347844>,"26-42 Boulevard de Port-Royal, 75005 Paris, France"
<25.271139:55.307485>,27th Street - Dubai - United Arab Emirates
<48.8308053:2.3441672>,"127 Boulevard Auguste-Blanqui, 75013 Paris, France"
<48.8309254:2.3545184>,"1 Boulevard Auguste-Blanqui, 75013 Paris, France"
<48.8311151:2.3551099>,"22 Place d'Italie, 75013 Paris, France"
<48.8308927:2.3557846>,"30 Place d'Italie, 75013 Paris, France"
<48.8307831:2.3562921>,"194 Avenue de Choisy, 75013 Paris, France"
<48.8373916:2.3738888>,"87 Quai de la Gare, 75013 Paris, France"
<48.838499:2.375912>,"5 Boulevard de Bercy, 75012 Paris, France"
<48.840322:2.3791814>,"5 Boulevard de Bercy, 75012 Paris, France"
<48.8374091:2.3826874>,"51 Rue de Bercy, 75012 Paris, France"
<48.8376466:2.345511>,"31 Rue Berthollet, 75005 Paris, France"
<48.8359678:2.3451747>,"20 Rue de la Glacire, 75013 Paris, France"
<-22.9108113:-43.2136196>,"Rua Elpdio Boamorte, 44 - Praa da Bandeira, Rio - Rio de Janeiro, 20270-170, Brazil"
<-22.9101519:-43.2218746>,"Viaduto Oduvaldo Cozi, 285 - So Cristvo, Rio - Rio de Janeiro, Brazil"
<-22.9090601:-43.2225105>,"Rua General Herculano Gomes, 378 - So Cristvo, Rio - Rio de Janeiro, Brazil"
<-22.9090444:-43.222147>,"Rua Almirante Baltazar, 581-599 - So Cristvo, Rio - Rio de Janeiro, 20941-150, Brazil"
<-22.9085722:-43.2219164>,"Rua Almirante Baltazar, 544 - So Cristvo, Rio - Rio de Janeiro, 20941-150, Brazil"
<-22.9085818:-43.2270436>,"Rua General Herculano Gomes, 1668 - So Cristvo, Rio - Rio de Janeiro, 20941-360, Brazil"
<-22.9088497:-43.2325279>,"Rua da Candelria, 2 - Mangueira, Rio - Rio de Janeiro, Brazil"
<-22.8997367:-43.2407008>,"Rua Visconde de Niteri, 1406 - Benfica, Rio - Rio de Janeiro, Brazil"
<-22.8998186:-43.2404098>,"Rua Visconde de Niteri, 1338-1406 - Benfica, Rio - Rio de Janeiro, Brazil"
<-22.9003128:-43.2407222>,"Rua Visconde de Niteri, 1338-1406 - Benfica, Rio - Rio de Janeiro, Brazil"
<25.2693263:55.3076528>,27th Street - Dubai - United Arab Emirates
<25.277872:55.3037354>,27th Street - Dubai - United Arab Emirates
<25.2795616:55.3041523>,D 85 - Dubai - United Arab Emirates
<25.2702514:55.3075163>,34-36 Al Burj Street - Dubai - United Arab Emirates
<25.2706215:55.3075911>,  - Dubai - United Arab Emirates
<25.2719293:55.316025>,Omar Bin Al Khattab Road - Dubai - United Arab Emirates
<25.2703065:55.3162013>,Fish Roundabout - Dubai - United Arab Emirates
<25.269917:55.3141188>,Al Maktoum Hospital Road - Dubai - United Arab Emirates
<48.8426448:2.3859007>,"202 Rue de Charenton, 75012 Paris, France"
<48.8424291:2.3854093>,"122 Avenue Daumesnil, 75012 Paris, France"
<48.8486307:2.3725304>,"Quinze-Vingts, Paris, France"
<48.8458252:2.367642>,"96 Quai de la Rape, 75012 Paris, France"
<48.8445878:2.3653261>,"93 Pont d'Austerlitz, 75012 Paris, France"
<48.8441992:2.3647752>,"1 Place Valhubert, 75005 Paris, France"
<48.8400113:2.3617842>,"40 Boulevard de l'Hpital, 75005 Paris, France"
<48.8368429:2.3518239>,"22 Avenue des Gobelins, 75005 Paris, France"
<48.8344592:2.3324996>,"110 Avenue Denfert-Rochereau, 75014 Paris, France"
<48.8343603:2.3324057>,"Rue Froidevaux, 75014 Paris, France"
<48.8376376:2.3229702>,"91 Avenue du Maine, 75014 Paris, France"
<48.8374911:2.3202373>,"7 Rue Jules Guesde, 75014 Paris, France"
<48.8372449:2.3187189>,"18 Rue Vercingtorix, 75014 Paris, France"
<48.8378807:2.3177149>,"61 Place des Cinq Martyrs du Lyce Buffon, 75014 Paris, France"
<48.8409048:2.3188994>,"25 Alle du Capitaine Dronne, 75015 Paris, France"
<48.8395218:2.3172865>,"25 Alle du Capitaine Dronne, 75015 Paris, France"
<48.8365224:2.3511832>,"7 Boulevard Arago, 75013 Paris, France"
<48.8367696:2.3518644>,"1 Boulevard Arago, 75013 Paris, France"
<48.8322078:2.3550414>,"79 Avenue des Gobelins, 75013 Paris, France"
<48.8421489:2.3764501>,"134 Rue de Bercy, 75012 Paris, France"
<48.8448489:2.3830169>,"35 Rue de Rambouillet, 75012 Paris, France"
<48.8434218:2.385113>,"190 Rue de Charenton, 75012 Paris, France"
<25.2779914:55.3033777>,27th Street - Dubai - United Arab Emirates
<25.27114:55.307489>,27th Street - Dubai - United Arab Emirates
<48.837018:2.383163>,"47 Rue de Pommard, 75012 Paris, France"
<48.8352695:2.385395>,"49 Rue Gabriel Lam, 75012 Paris, France"
<48.833721:2.382474>,"2 Rue Joseph Kessel, 75012 Paris, France"
<48.8403198:2.3742507>,"18 Quai de la Rape, 75012 Paris, France"
<48.8454788:2.3680776>,"92 Quai de la Rape, 75012 Paris, France"
<48.8367812:2.3516774>,"4 Boulevard de Port-Royal, 75005 Paris, France"
<48.8372275:2.3478399>,"26-42 Boulevard de Port-Royal, 75005 Paris, France"
<42.3655251:-71.126651>,"110 North Harvard Street, Harvard University, ALLSTON, MA 02134, USA"
<42.363193:-71.1297884>,"202 North Harvard Street, Harvard University, Boston, MA 02134, USA"
<42.3631607:-71.1353301>,"298 Everett Street, Boston, MA 02128, USA"
<42.3590666:-71.1370703>,"165-169 Everett Street, Boston, MA 02134, USA"
<42.3552873:-71.1385606>,"44 Everett Street, Boston, MA 02134, USA"
<42.3565723:-71.1380832>,"95 Everett Street, Boston, MA 02134, USA"
<42.3562522:-71.1376904>,"2-20 Blaine Street, Boston, MA 02134, USA"
<37.7891114:-122.4020365>,"1 Montgomery Street, San Francisco, CA 94104, USA"
<37.7888206:-122.402>,"44 Montgomery Street, San Francisco, CA 94104, USA"
<37.7880541:-122.4029414>,"698 Market Street, San Francisco, CA 94105, USA"
<37.7820489:-122.4511356>,"2998 Geary Boulevard, San Francisco, CA 94118, USA"
<37.7825247:-122.4453627>,"2570 Geary Boulevard, San Francisco, CA 94121, USA"
<25.2695768:55.3089605>,Al Maktoum Hospital Road - Dubai - United Arab Emirates
<25.2705165:55.3087739>,49 Al Burj Street - Dubai - United Arab Emirates
<25.2702553:55.3076018>,27th Street - Dubai - United Arab Emirates
<-22.9107675:-43.2239626>,"Avenida Presidente Castelo Branco, 1496 - Maracan, Rio - Rio de Janeiro, 20271-130, Brazil"
<-22.9102051:-43.2325134>,"Avenida Professor Manuel de Abreu, 2689 - Maracan, Rio - Rio de Janeiro, 20550-170, Brazil"
<-22.9086645:-43.2381234>,"Rua So Francisco Xavier, 151 - Maracan, Rio - Rio de Janeiro, Brazil"
<-22.9044624:-43.2431265>,"Rua So Francisco Xavier, 68 - Maracan, Rio - Rio de Janeiro, Brazil"
<-22.9051278:-43.2441506>,"Avenida Marechal Rondon, 449 - So Francisco Xavier, Rio - Rio de Janeiro, Brazil"
<-22.9062691:-43.2428164>,"Avenida Marechal Rondon, 435 - So Francisco Xavier, Rio - Rio de Janeiro, Brazil"
<-22.9045433:-43.2412274>,"Viaduto Angenor de Oliveira, 1 - Mangueira, Rio - Rio de Janeiro, Brazil"
<37.7834951:-122.408729>,"949 Market Street, San Francisco, CA 94102, USA"
<37.781755:-122.4222887>,"801 Franklin Street, San Francisco, CA 94102, USA"
<37.7843596:-122.422805>,"1050 Franklin Street, San Francisco, CA 94109, USA"
<37.7879737:-122.4035157>,"353 Kearny Street, San Francisco, CA 94108, USA"
<37.7916984:-122.4042596>,"398 Kearny Street, San Francisco, CA 94108, USA"
<37.7892129:-122.4238088>,"1699 Pine Street, San Francisco, CA 94109, USA"
<37.8011511:-122.4262203>,"Chestnut St & Franklin St, San Francisco, CA 94109, USA"
<37.8002362:-122.4335226>,"1900-1998 El Camino Real, San Francisco, CA 94123, USA"
<42.3502657:-71.1309542>,"Harvard Ave @ Commonwealth Ave, Boston, MA 02134, USA"
<42.3505231:-71.1298592>,"1198 Commonwealth Avenue, Allston, MA 02134, USA"
<42.3509639:-71.1298302>,"32 Reedsdale Street, Boston, MA 02134, USA"
<42.3560464:-71.1313436>,"1 Linden Street, Boston, MA 02134, USA"
<48.8372079:2.38353>,"41 Rue de Bercy, 75012 Paris, France"
<48.8385948:2.3812005>,"77 Rue de Bercy, 75012 Paris, France"
<48.8399573:2.3823217>,"15 Rue Corbineau, 75012 Paris, France"
<48.8389213:2.3761865>,"1 Boulevard de Bercy, 75012 Paris, France"
<48.8400392:2.3747317>,"240 Quai de Bercy, 75012 Paris, France"
<37.7861845:-122.4400698>,"2600 Bush Street, San Francisco, CA 94115, USA"
<37.7905548:-122.4056239>,"398 Grant Avenue, San Francisco, CA 94108, USA"
<37.7887278:-122.4052826>,"198 Post Street, San Francisco, CA 94108, USA"
<37.7891033:-122.4021328>,"2-18 Post Street, San Francisco, CA 94104, USA"
<37.7861936:-122.4399883>,"2599 Bush Street, San Francisco, CA 94115, USA"
<37.7871303:-122.4401779>,"2676 Pine Street, San Francisco, CA 94115, USA"
<37.7862985:-122.4465926>,"3098 Pine Street, San Francisco, CA 94115, USA"
<37.7855621:-122.4474329>,"8 Masonic Avenue, San Francisco, CA 94118, USA"
<37.7844892:-122.450132>,"250 Euclid Avenue, San Francisco, CA 94118, USA"
<37.7820526:-122.4500918>,"2845 Geary Boulevard, San Francisco, CA 94118, USA"
<37.7880774:-122.4252609>,"1701 Bush Street, San Francisco, CA 94109, USA"
<37.7824876:-122.4241111>,"999 Gough Street, San Francisco, CA 94109, USA"
<37.7826913:-122.4224785>,"909 Franklin Street, San Francisco, CA 94109, USA"
<48.833846:2.382312>,"126 Quai de Bercy, 75012 Paris, France"
<37.36286:-121.761709>,"3053 3 Springs Road, San Jose, CA 95140, USA"
<37.360148:-121.764005>,"3030 3 Springs Court, San Jose, CA 95140, USA"
<37.3622585:-121.7616832>,"3053 3 Springs Road, Mount Hamilton, CA 95140, USA"
<37.3607585:-121.7626149>,"3055 3 Springs Road, Mount Hamilton, CA 95140, USA"
<37.3602337:-121.7640369>,"3045 3 Springs Court, San Jose, CA 95140, USA"
<37.7862142:-122.3989866>,"198 New Montgomery Street, San Francisco, CA 94105, USA"
<37.7832828:-122.4027207>,"801 Howard Street, San Francisco, CA 94103, USA"
<37.7808161:-122.3996163>,"398 4th Street, San Francisco, CA 94107, USA"
<37.7787898:-122.4011241>,"Dwight D. Eisenhower Highway, San Francisco, CA 94107, USA"
<37.7705732:-122.4059525>,"Dwight D. Eisenhower Highway, San Francisco, CA 94103, USA"
<37.3444088:-121.8568329>,"El Camino Real, San Jose, CA 95116, USA"
<37.3434484:-121.8459896>,"Sinclair Freeway, San Jose, CA 95122, USA"
<37.3543646:-121.8379385>,"Interstate 680, San Jose, CA 95116, USA"
<37.3601836:-121.8398694>,"2572 Alum Rock Avenue, San Jose, CA 95116, USA"
<37.3840805:-121.8160292>,"5598 California 130, San Jose, CA 95127, USA"
<37.363991:-121.7622186>,"15395-15555 Mount Hamilton Road, Mount Hamilton, CA 95140, USA"
<37.3627063:-121.7627088>,"3033 3 Springs Road, Mount Hamilton, CA 95140, USA"
<37.3624066:-121.7620224>,"3064 3 Springs Road, San Jose, CA 95140, USA"
<37.7854856:-122.4230431>,"1198 Geary Boulevard, San Francisco, CA 94109, USA"
<-22.9101072:-43.2218971>,"Rua General Canabarro, 40 - Maracan, Rio - Rio de Janeiro, 20271-203, Brazil"
<37.7989716:-122.4359187>,"2207 Greenwich Street, San Francisco, CA 94123, USA"
<37.7999924:-122.4276669>,"2898 Gough Street, San Francisco, CA 94123, USA"
<37.7862158:-122.4248681>,"1398 Post Street, San Francisco, CA 94109, USA"
<29.114788:-110.973587>,"Bulevar Lzaro Crdenas, Francisco Villa, 83149 Hermosillo, Sonora, Mexico"
<29.073987:-110.97084>,"Ro Bravo 20, Las Granjas, 83260 Hermosillo, Sonora, Mexico"
<37.370637:-121.815782>,"250 South Claremont Avenue, San Jose, CA 95127, USA"
<37.38114:-121.872516>,"1301-1311 Vinci Park Way, San Jose, CA 95131, USA"
<37.3756703:-121.8212871>,"5198 Alum Rock Avenue, San Jose, CA 95127, USA"
<37.3732488:-121.8152146>,"298 Fleming Avenue, San Jose, CA 95127, USA"
<37.3721623:-121.8147985>,"251 Mahoney Drive, San Jose, CA 95127, USA"
<37.3716762:-121.8163209>,"254-298 South Claremont Avenue, San Jose, California 95127, USA"
<29.1142554:-110.9728716>,"Calle Francisco Monteverde, Jess Garca, 83140 Hermosillo, Sonora, Mexico"
<29.0932265:-110.969495>,"Nayarit 260, San Benito, 83190 Hermosillo, Sonora, Mexico"
<29.0924109:-110.9759644>,"Nayarit 393-C, Olivares, 83180 Hermosillo, Sonora, Mexico"
<29.0929045:-110.9775319>,"Calle Doctor Olivares, Olivares, 83180 Hermosillo, Sonora, Mexico"
<29.0735689:-110.9744409>,"Calle Doctor Olivares, Las Granjas, 83250 Hermosillo, Sonora, Mexico"
<29.0735202:-110.971005>,"Ro Bravo 16, Isssteson Centenario, 83260 Hermosillo, Sonora, Mexico"
<29.0739708:-110.9710074>,"Gallega 87, Las Granjas, 83250 Hermosillo, Sonora, Mexico"
<48.8418532:2.3866462>,"128 Avenue Daumesnil, 75012 Paris, France"
<48.8349596:2.3449809>,"17 Rue de la Glacire, 75013 Paris, France"
<37.7835289:-122.4159216>,"298 Hyde Street, San Francisco, CA 94109, USA"
<37.783737:-122.4143007>,"298 Leavenworth Street, San Francisco, CA 94102, USA"
<37.7874653:-122.4149854>,"698 Leavenworth Street, San Francisco, CA 94109, USA"
<37.7838118:-122.4378702>,"1498 Scott Street, San Francisco, CA 94115, USA"
<37.7873249:-122.438582>,"1901 Scott Street, San Francisco, CA 94115, USA"
<37.7871189:-122.4402601>,"2707 Pine Street, San Francisco, CA 94104, USA"
<37.7869625:-122.4402282>,"1853-1899 Divisadero Street, San Francisco, CA 94115, USA"
<37.7857186:-122.4213186>,"1035 Geary Boulevard, San Francisco, CA 94109, USA"
<37.8013831:-122.4244893>,"1398 Lombard Street, San Francisco, CA 94109, USA"
<37.7998893:-122.4360998>,"2100 Lombard Street, San Francisco, CA 94123, USA"
<37.8000699:-122.436136>,"3300-3318 Fillmore Street, San Francisco, CA 94123, USA"
<37.7868782:-122.4121324>,"522-542 Geary Street, San Francisco, CA 94102, USA"
<37.7864131:-122.4400331>,"1822 Divisadero Street, San Francisco, CA 94115, USA"
<37.7833959:-122.4394308>,"2186 Geary Boulevard, San Francisco, CA 94121, USA"
<37.7868781:-122.4121324>,"531 Geary Street, San Francisco, CA 94102, USA"
<37.7880745:-122.4403644>,"2787 California Street, San Francisco, CA 94109, USA"
<37.7882843:-122.4387624>,"2698 California Street, San Francisco, CA 94115, USA"
<37.7863976:-122.4383945>,"2498 Bush Street, San Francisco, CA 94115, USA"
<37.7828257:-122.4428385>,"2401 Geary Boulevard, San Francisco, CA 94115, USA"
<37.7821515:-122.4416291>,"2300 O'Farrell Street, San Francisco, CA 94115, USA"
<37.7824886:-122.4422338>,"350 Saint Joseph's Avenue, San Francisco, CA 94115, USA"
<37.7821742:-122.4414858>,"2299 O'Farrell Street, San Francisco, CA 94115, USA"
<37.7829611:-122.4427621>,"2398 Geary Boulevard, San Francisco, CA 94115, USA"
<37.7824365:-122.441911233333>,"350 Saint Joseph's Avenue, San Francisco, CA 94115, USA"
<37.7826988:-122.442336666667>,"350 Saint Joseph's Avenue, San Francisco, CA 94115, USA"
<37.7838966:-122.4429946>,"2498 Post Street, San Francisco, CA 94115, USA"
<37.7843177:-122.439698>,"2325 Post Street, San Francisco, CA 94115, USA"
<37.7840369666667:-122.441895733333>,"2425-2431 Post Street, San Francisco, CA 94115, USA"
<37.7841773333333:-122.440796866667>,"2345-2375 Post Street, San Francisco, CA 94115, USA"
<37.7835061:-122.4395399>,"1501 Divisadero Street, San Francisco, CA 94115, USA"
<37.7828127:-122.4438267>,"2570 Geary Boulevard, San Francisco, CA 94115, USA"
<37.7878999411765:-122.404143908824>,"30-36 Geary Street, San Francisco, CA 94108, USA"
<37.7877457823529:-122.405346417647>,"100-130 Geary Street, San Francisco, CA 94108, USA"
<37.7875916235294:-122.406548926471>,"157-199 Geary Street, San Francisco, CA 94108, USA"
<37.7874374647059:-122.407751435294>,"285 Geary Street, San Francisco, CA 94102, USA"
<37.7872833058824:-122.408953944118>,"347 Geary Street, San Francisco, CA 94102, USA"
<37.7871291470588:-122.410156452941>,"400 Geary Street, San Francisco, CA 94102, USA"
<37.7869749882353:-122.411358961765>,"490 Geary Street, San Francisco, CA 94102, USA"
<37.7868208294118:-122.412561470588>,"561 Geary Street, San Francisco, CA 94102, USA"
<37.7866666705883:-122.413763979412>,"639-651 Geary Street, San Francisco, CA 94102, USA"
<37.7865125117647:-122.414966488235>,"705 Geary Street, San Francisco, CA 94109, USA"
<37.7863583529412:-122.416168997059>,"775-795 Geary Street, San Francisco, CA 94109, USA"
<37.7862041941177:-122.417371505882>,"855 Geary Street, San Francisco, CA 94102, USA"
<37.7860500352941:-122.418574014706>,"925 Geary Street, San Francisco, CA 94109, USA"
<37.7858958764706:-122.419776523529>,"965 Polk Street, San Francisco, CA 94109, USA"
<37.7857417176471:-122.420979032353>,"1059-1099 Geary Street, San Francisco, CA 94109, USA"
<37.7855875588236:-122.422181541176>,"1109 Geary Boulevard, San Francisco, CA 94121, USA"
<37.7854334:-122.42338405>,"1201-1279 Geary Boulevard, San Francisco, CA 94109, USA"
<37.7852792411765:-122.424586558823>,"2-98 Starr King Way, San Francisco, CA 94109, USA"
<37.785125082353:-122.425789067647>,"1301 Geary Boulevard, San Francisco, CA 94109, USA"
<37.7849709235295:-122.42699157647>,"1401-1499 Geary Boulevard, San Francisco, CA 94109, USA"
<37.7848167647059:-122.428194085294>,"1545 Geary Boulevard, San Francisco, CA 94121, USA"
<37.7846626058824:-122.429396594118>,"1555 Geary Boulevard, San Francisco, CA 94121, USA"
<37.7845084470589:-122.430599102941>,"1660 Geary Boulevard, Japan Center, Nihonmachi Mall Shopping Center, San Francisco, CA 94121, USA"
<37.7843542882353:-122.431801611765>,"1499 Geary Boulevard, San Francisco, CA 94115, USA"
<37.7842001294118:-122.433004120588>,"1805 Geary Boulevard, San Francisco, CA 94121, USA"
<37.7840459705883:-122.434206629412>,"1837 Geary Boulevard, San Francisco, CA 94121, USA"
<37.7838918117648:-122.435409138235>,"1903-1937 Geary Boulevard, San Francisco, CA 94115, USA"
<37.7837376529412:-122.436611647059>,"1939-2067 Geary Boulevard, San Francisco, CA 94115, USA"
<37.7835834941177:-122.437814155882>,"1400-1498 Scott Street, San Francisco, CA 94115, USA"
<37.7834293352942:-122.439016664706>,"2190 Geary Boulevard, San Francisco, CA 94115, USA"
<37.7832751764707:-122.440219173529>,"2238 Geary Boulevard, San Francisco, CA 94115, USA"
<37.7831210176471:-122.441421682353>,"2302 Geary Boulevard, San Francisco, CA 94121, USA"
<37.7829668588236:-122.442624191176>,"2364 Geary Boulevard, San Francisco, CA 94121, USA"
<37.7822809:-122.4474699>,"2703 Geary Boulevard, San Francisco, CA 94117, USA"
<37.7825468:-122.4456483>,"2570 Geary Boulevard, San Francisco, CA 94115, USA"
<37.7810555:-122.4476023>,"85 Masonic Avenue, San Francisco, CA 94118, USA"
<37.7816682:-122.4475361>,"85 Masonic Avenue, San Francisco, CA 94117, USA"
<37.7807711:-122.4498171>,"311 Anza Street, University of San Francisco, University of San Francisco - Lone Mountain Campus, Loyola Village, San Francisco, CA 94118, USA"
<37.7809133:-122.4487097>,"150-198 Anza Street, San Francisco, CA 94118, USA"
<37.7822099666667:-122.448515433333>,"2733 Geary Boulevard, San Francisco, CA 94118, USA"
<37.7823673333333:-122.446939066667>,"2670 Geary Boulevard, San Francisco, CA 94118, USA"
<29.1289971:-110.9551343>,"Misin de Cocspera 19, Bachoco, 83148 Hermosillo, Sonora, Mexico"
<29.0591228:-110.9581147>,"Avenida 5 de Mayo, Villa de Seris, 83280 Hermosillo, Sonora, Mexico"
